0,Visualizacion,48895.0,20270505,"U301","P201","Celular",1,Sinpe,Completado,0.0,True,48895.0
1,Devolucion,49123.0,20270618,"U302","P202","Tablet",1,Efectivo,Cancelado,0.0,True,49123.0
2,Devolucion,49351.0,20270803,"U303","P203","Audifonos",1,Tarjeta,Pendiente,0.0,True,49351.0
3,Seguimiento,49579.0,20270920,"U304","P204","Teclado",1,Sinpe,Completado,0.0,True,49579.0
4,Compra,49807.0,20271109,"U305","P205","Mouse",3,Efectivo,Cancelado,19424.73,True,168845.73
5,Compra,50035.0,20271231,"U306","P206","Monitor",1,Tarjeta,Pendiente,6504.55,True,56539.55
6,Compra,50263.0,20280223,"U307","P207","Impresora",2,Sinpe,Completado,13068.38,True,113594.38
7,Apartado,50491.0,20280419,"U308","P208","Camara",1,Efectivo,Cancelado,0.0,True,50491.0
8,Apartado,50719.0,20260617,"U309","P209","Consola",1,Tarjeta,Pendiente,0.0,True,50719.0
9,Visualizacion,50947.0,20260816,"U310","P210","Smartwatch",1,Sinpe,Completado,0.0,True,50947.0
10,Compra,23433.0,20270604,"U311","P211","Bocina",3,Efectivo,Cancelado,9138.87,False,79437.86
11,Compra,23661.0,20270807,"U312","P212","Microfono",1,Tarjeta,Pendiente,3075.93,False,26736.93
12,Apartado,23889.0,20271012,"U313","P213","Router",1,Sinpe,Completado,0.0,False,23889.0
13,Visualizacion,24117.0,20271219,"U314","P214","DiscoDuro",1,Efectivo,Cancelado,0.0,False,24117.0
14,Visualizacion,24364.0,20280227,"U315","P215","SSD",1,Tarjeta,Pendiente,0.0,False,24364.0
15,Visualizacion,24592.0,20260527,"U316","P216","USB",1,Sinpe,Completado,0.0,False,24592.0
16,Devolucion,24820.0,20260809,"U317","P217","Cargador",1,Efectivo,Cancelado,0.0,False,24820.0
17,Devolucion,25048.0,20261024,"U318","P218","Proyector",1,Tarjeta,Pendiente,0.0,False,25048.0
18,Seguimiento,25276.0,20270110,"U319","P219","TV",1,Sinpe,Completado,0.0,False,25276.0
19,Compra,25504.0,20270331,"U320","P220","Silla Gamer",3,Efectivo,Cancelado,9946.56,False,86458.56
20,Compra,25732.0,20270621,"U321","P200","Laptop",1,Tarjeta,Pendiente,3345.16,False,29077.16
21,Apartado,25960.0,20270913,"U322","P201","Celular",1,Sinpe,Completado,0.0,False,25960.0
22,Seguimiento,61319.0,20270308,"U323","P202","Tablet",1,Efectivo,Cancelado,0.0,True,61319.0
23,Seguimiento,61547.0,20270604,"U324","P203","Audifonos",1,Tarjeta,Pendiente,0.0,True,61547.0
24,Compra,61775.0,20270902,"U325","P204","Teclado",2,Sinpe,Completado,16061.5,True,139611.5
25,Compra,62003.0,20271203,"U326","P205","Mouse",3,Efectivo,Cancelado,24181.17,True,210190.19
26,Compra,62231.0,20280306,"U327","P206","Monitor",1,Tarjeta,Pendiente,8090.03,True,70321.03
27,Apartado,62459.0,20260611,"U328","P207","Impresora",1,Sinpe,Completado,0.0,True,62459.0
28,Visualizacion,62687.0,20260917,"U329","P208","Camara",1,Efectivo,Cancelado,0.0,True,62687.0
29,Visualizacion,62915.0,20261226,"U330","P209","Consola",1,Tarjeta,Pendiente,0.0,True,62915.0
30,Devolucion,63143.0,20270407,"U331","P210","Smartwatch",1,Sinpe,Completado,0.0,True,63143.0
31,Seguimiento,63371.0,20270720,"U332","P211","Bocina",1,Efectivo,Cancelado,0.0,True,63371.0
32,Seguimiento,63599.0,20271103,"U333","P212","Microfono",1,Tarjeta,Pendiente,0.0,True,63599.0
33,Compra,63827.0,20280219,"U334","P213","Router",2,Sinpe,Completado,16595.02,True,144249.02
34,Compra,64055.0,20260609,"U335","P214","DiscoDuro",3,Efectivo,Cancelado,24981.45,True,217146.45
35,Compra,64283.0,20260929,"U336","P215","SSD",1,Tarjeta,Pendiente,8356.79,True,72639.79
36,Compra,15851.0,20271218,"U337","P216","USB",2,Sinpe,Completado,4121.26,False,35823.26
37,Compra,16079.0,20280412,"U338","P217","Cargador",3,Efectivo,Cancelado,6270.81,False,54507.81
38,Compra,16307.0,20260809,"U339","P218","Proyector",1,Tarjeta,Pendiente,2119.91,False,18426.91
39,Apartado,16535.0,20261207,"U340","P219","TV",1,Sinpe,Completado,0.0,False,16535.0
40,Visualizacion,16763.0,20270408,"U341","P220","Silla Gamer",1,Efectivo,Cancelado,0.0,False,16763.0
41,Visualizacion,16991.0,20270810,"U342","P200","Laptop",1,Tarjeta,Pendiente,0.0,False,16991.0
42,Devolucion,17219.0,20271214,"U343","P201","Celular",1,Sinpe,Completado,0.0,False,17219.0
43,Seguimiento,17447.0,20280420,"U344","P202","Tablet",1,Efectivo,Cancelado,0.0,False,17447.0
44,Seguimiento,17675.0,20260829,"U345","P203","Audifonos",1,Tarjeta,Pendiente,0.0,False,17675.0
45,Compra,17903.0,20270108,"U346","P204","Teclado",2,Sinpe,Completado,4654.78,False,40460.78
46,Compra,18131.0,20270522,"U347","P205","Mouse",3,Efectivo,Cancelado,7071.09,False,61464.09
47,Compra,18359.0,20271005,"U348","P206","Monitor",1,Tarjeta,Pendiente,2386.67,False,20745.67
48,Apartado,18587.0,20280220,"U349","P207","Impresora",1,Sinpe,Completado,0.0,False,18587.0
49,Visualizacion,18815.0,20260710,"U350","P208","Camara",1,Efectivo,Cancelado,0.0,False,18815.0
50,Visualizacion,19043.0,20261129,"U351","P209","Consola",1,Tarjeta,Pendiente,0.0,False,19043.0
51,Visualizacion,19271.0,20270422,"U352","P210","Smartwatch",1,Sinpe,Completado,0.0,False,19271.0
52,Devolucion,19499.0,20270915,"U353","P211","Bocina",1,Efectivo,Cancelado,0.0,False,19499.0
53,Compra,41558.0,20270311,"U354","P212","Microfono",1,Tarjeta,Pendiente,5402.54,True,46960.54
54,Apartado,41786.0,20270808,"U355","P213","Router",1,Sinpe,Completado,0.0,True,41786.0
55,Visualizacion,42014.0,20280107,"U356","P214","DiscoDuro",1,Efectivo,Cancelado,0.0,True,42014.0
56,Visualizacion,42242.0,20260610,"U357","P215","SSD",1,Tarjeta,Pendiente,0.0,True,42242.0
57,Devolucion,42470.0,20261113,"U358","P216","USB",1,Sinpe,Completado,0.0,True,42470.0
58,Seguimiento,42698.0,20270420,"U359","P217","Cargador",1,Efectivo,Cancelado,0.0,True,42698.0
59,Seguimiento,42926.0,20270927,"U360","P218","Proyector",1,Tarjeta,Pendiente,0.0,True,42926.0
60,Compra,43154.0,20280307,"U361","P219","TV",2,Sinpe,Completado,11220.04,True,97528.04
61,Compra,43382.0,20260819,"U362","P220","Silla Gamer",3,Efectivo,Cancelado,16918.98,True,147064.98
62,Compra,43610.0,20270201,"U363","P200","Laptop",1,Tarjeta,Pendiente,5669.3,True,49279.3
63,Apartado,43838.0,20270719,"U364","P201","Celular",1,Sinpe,Completado,0.0,True,43838.0
64,Visualizacion,44066.0,20280105,"U365","P202","Tablet",1,Efectivo,Cancelado,0.0,True,44066.0
65,Visualizacion,44294.0,20260626,"U366","P203","Audifonos",1,Tarjeta,Pendiente,0.0,True,44294.0
66,Visualizacion,44522.0,20261217,"U367","P204","Teclado",1,Sinpe,Completado,0.0,True,44522.0
67,Seguimiento,44750.0,20270611,"U368","P205","Mouse",1,Efectivo,Cancelado,0.0,True,44750.0
68,Devolucion,44978.0,20271206,"U369","P206","Monitor",1,Tarjeta,Pendiente,0.0,True,44978.0
69,Compra,45206.0,20260604,"U370","P207","Impresora",2,Sinpe,Completado,11753.56,True,102165.56
70,Compra,45434.0,20261203,"U371","P208","Camara",3,Efectivo,Cancelado,17719.26,True,154021.27
71,Compra,45662.0,20270605,"U372","P209","Consola",1,Tarjeta,Pendiente,5936.06,True,51598.06
72,Apartado,45890.0,20271208,"U373","P210","Smartwatch",1,Sinpe,Completado,0.0,True,45890.0
73,Devolucion,66562.0,20280217,"U374","P211","Bocina",1,Efectivo,Cancelado,0.0,True,66562.0
74,Devolucion,66790.0,20260826,"U375","P212","Microfono",1,Tarjeta,Pendiente,0.0,True,66790.0
75,Seguimiento,67018.0,20270306,"U376","P213","Router",1,Sinpe,Completado,0.0,True,67018.0
76,Compra,67246.0,20270916,"U377","P214","DiscoDuro",3,Efectivo,Cancelado,26225.94,True,227963.94
77,Compra,67474.0,20280330,"U378","P215","SSD",1,Tarjeta,Pendiente,8771.62,True,76245.62
78,Compra,67702.0,20261015,"U379","P216","USB",2,Sinpe,Completado,17602.52,True,153006.52
79,Apartado,67930.0,20270503,"U380","P217","Cargador",1,Efectivo,Cancelado,0.0,True,67930.0
80,Apartado,68158.0,20271121,"U381","P218","Proyector",1,Tarjeta,Pendiente,0.0,True,68158.0
81,Visualizacion,68386.0,20260613,"U382","P219","TV",1,Sinpe,Completado,0.0,True,68386.0
82,Visualizacion,68614.0,20270105,"U383","P220","Silla Gamer",1,Efectivo,Cancelado,0.0,True,68614.0
83,Visualizacion,68842.0,20270801,"U384","P200","Laptop",1,Tarjeta,Pendiente,0.0,True,68842.0
84,Devolucion,69070.0,20280227,"U385","P201","Celular",1,Sinpe,Completado,0.0,True,69070.0
85,Seguimiento,69298.0,20260927,"U386","P202","Tablet",1,Efectivo,Cancelado,0.0,True,69298.0
86,Seguimiento,69526.0,20270429,"U387","P203","Audifonos",1,Tarjeta,Pendiente,0.0,True,69526.0
87,Compra,69754.0,20271201,"U388","P204","Teclado",2,Sinpe,Completado,18136.04,True,157644.03
88,Apartado,69982.0,20260707,"U389","P205","Mouse",1,Efectivo,Cancelado,0.0,True,69982.0
89,Compra,70210.0,20270212,"U390","P206","Monitor",1,Tarjeta,Pendiente,9127.3,True,79337.3
90,Apartado,70438.0,20270922,"U391","P207","Impresora",1,Sinpe,Completado,0.0,True,70438.0
91,Visualizacion,70666.0,20260504,"U392","P208","Camara",1,Efectivo,Cancelado,0.0,True,70666.0
92,Visualizacion,70894.0,20261216,"U393","P209","Consola",1,Tarjeta,Pendiente,0.0,True,70894.0
93,Devolucion,71122.0,20270801,"U394","P210","Smartwatch",1,Sinpe,Completado,0.0,True,71122.0
94,Seguimiento,71350.0,20280318,"U395","P211","Bocina",1,Efectivo,Cancelado,0.0,True,71350.0
95,Seguimiento,71578.0,20261106,"U396","P212","Microfono",1,Tarjeta,Pendiente,0.0,True,71578.0
96,Compra,71806.0,20270628,"U397","P213","Router",2,Sinpe,Completado,18669.56,True,162281.56
97,Compra,46155.0,20280106,"U398","P214","DiscoDuro",3,Efectivo,Cancelado,18000.45,True,156465.45
98,Seguimiento,46383.0,20260901,"U399","P215","SSD",1,Tarjeta,Pendiente,0.0,True,46383.0
99,Compra,46611.0,20270429,"U400","P216","USB",2,Sinpe,Completado,12118.86,True,105340.86
100,Apartado,46839.0,20271227,"U401","P217","Cargador",1,Efectivo,Cancelado,0.0,True,46839.0
101,Apartado,47067.0,20260828,"U402","P218","Proyector",1,Tarjeta,Pendiente,0.0,True,47067.0
102,Apartado,47295.0,20270501,"U403","P219","TV",1,Sinpe,Completado,0.0,True,47295.0
103,Visualizacion,47523.0,20280104,"U404","P220","Silla Gamer",1,Efectivo,Cancelado,0.0,True,47523.0
104,Visualizacion,47751.0,20260911,"U405","P200","Laptop",1,Tarjeta,Pendiente,0.0,True,47751.0
105,Devolucion,47979.0,20270521,"U406","P201","Celular",1,Sinpe,Completado,0.0,True,47979.0
106,Seguimiento,48207.0,20280130,"U407","P202","Tablet",1,Efectivo,Cancelado,0.0,True,48207.0
107,Seguimiento,48435.0,20261013,"U408","P203","Audifonos",1,Tarjeta,Pendiente,0.0,True,48435.0
108,Compra,48663.0,20270628,"U409","P204","Teclado",2,Sinpe,Completado,12652.38,True,109978.38
109,Compra,48891.0,20280314,"U410","P205","Mouse",3,Efectivo,Cancelado,19067.49,True,165740.48
110,Devolucion,40442.0,20270306,"U411","P206","Monitor",1,Tarjeta,Pendiente,0.0,True,40442.0
111,Seguimiento,40670.0,20271125,"U412","P207","Impresora",1,Sinpe,Completado,0.0,True,40670.0
112,Compra,40898.0,20260818,"U413","P208","Camara",3,Efectivo,Cancelado,15950.22,True,138644.22
113,Compra,41126.0,20270513,"U414","P209","Consola",1,Tarjeta,Pendiente,5346.38,True,46472.38
114,Compra,41354.0,20280207,"U415","P210","Smartwatch",2,Sinpe,Completado,10752.04,True,93460.04
115,Apartado,41582.0,20261106,"U416","P211","Bocina",1,Efectivo,Cancelado,0.0,True,41582.0
116,Apartado,41810.0,20270807,"U417","P212","Microfono",1,Tarjeta,Pendiente,0.0,True,41810.0
117,Visualizacion,42038.0,20260510,"U418","P213","Router",1,Sinpe,Completado,0.0,True,42038.0
118,Visualizacion,42266.0,20270212,"U419","P214","DiscoDuro",1,Efectivo,Cancelado,0.0,True,42266.0
119,Visualizacion,42494.0,20271119,"U420","P215","SSD",1,Tarjeta,Pendiente,0.0,True,42494.0
120,Devolucion,42722.0,20260828,"U421","P216","USB",1,Sinpe,Completado,0.0,True,42722.0
121,Seguimiento,42950.0,20270608,"U422","P217","Cargador",1,Efectivo,Cancelado,0.0,True,42950.0
122,Seguimiento,43178.0,20280320,"U423","P218","Proyector",1,Tarjeta,Pendiente,0.0,True,43178.0
123,Compra,43406.0,20270103,"U424","P219","TV",2,Sinpe,Completado,11285.56,True,98097.56
124,Apartado,43634.0,20271020,"U425","P220","Silla Gamer",1,Efectivo,Cancelado,0.0,True,43634.0
125,Compra,43862.0,20260808,"U426","P200","Laptop",1,Tarjeta,Pendiente,5702.06,True,49564.06
126,Compra,15589.0,20261110,"U427","P201","Celular",2,Sinpe,Completado,4053.14,False,35231.14
127,Compra,15817.0,20270902,"U428","P202","Tablet",3,Efectivo,Cancelado,6168.63,False,53619.63
128,Compra,16045.0,20260627,"U429","P203","Audifonos",1,Tarjeta,Pendiente,2085.85,False,18130.85
129,Apartado,16273.0,20270423,"U430","P204","Teclado",1,Sinpe,Completado,0.0,False,16273.0
130,Visualizacion,16501.0,20280219,"U431","P205","Mouse",1,Efectivo,Cancelado,0.0,False,16501.0
131,Visualizacion,16729.0,20261220,"U432","P206","Monitor",1,Tarjeta,Pendiente,0.0,False,16729.0
132,Devolucion,16957.0,20271022,"U433","P207","Impresora",1,Sinpe,Completado,0.0,False,16957.0
133,Seguimiento,17185.0,20260826,"U434","P208","Camara",1,Efectivo,Cancelado,0.0,False,17185.0
134,Seguimiento,17413.0,20270702,"U435","P209","Consola",1,Tarjeta,Pendiente,0.0,False,17413.0
135,Compra,17641.0,20260510,"U436","P210","Smartwatch",2,Sinpe,Completado,4586.66,False,39868.66
136,Compra,17869.0,20270320,"U437","P211","Bocina",3,Efectivo,Cancelado,6968.91,False,60575.91
137,Compra,18097.0,20280130,"U438","P212","Microfono",1,Tarjeta,Pendiente,2352.61,False,20449.61
138,Apartado,18325.0,20261214,"U439","P213","Router",1,Sinpe,Completado,0.0,False,18325.0
139,Apartado,18553.0,20271030,"U440","P214","DiscoDuro",1,Efectivo,Cancelado,0.0,False,18553.0
140,Apartado,18781.0,20260917,"U441","P215","SSD",1,Tarjeta,Pendiente,0.0,False,18781.0
141,Visualizacion,19009.0,20270807,"U442","P216","USB",1,Sinpe,Completado,0.0,False,19009.0
142,Devolucion,19237.0,20260629,"U443","P217","Cargador",1,Efectivo,Cancelado,0.0,False,19237.0
143,Devolucion,19465.0,20270523,"U444","P218","Proyector",1,Tarjeta,Pendiente,0.0,False,19465.0
144,Seguimiento,19693.0,20280417,"U445","P219","TV",1,Sinpe,Completado,0.0,False,19693.0
145,Visualizacion,3371.0,20271214,"U446","P220","Silla Gamer",1,Efectivo,Cancelado,0.0,False,3371.0
146,Visualizacion,3599.0,20261113,"U447","P200","Laptop",1,Tarjeta,Pendiente,0.0,False,3599.0
147,Devolucion,3827.0,20271015,"U448","P201","Celular",1,Sinpe,Completado,0.0,False,3827.0
148,Seguimiento,4055.0,20260918,"U449","P202","Tablet",1,Efectivo,Cancelado,0.0,False,4055.0
149,Seguimiento,4283.0,20270824,"U450","P203","Audifonos",1,Tarjeta,Pendiente,0.0,False,4283.0
150,Compra,4511.0,20260801,"U451","P204","Teclado",2,Sinpe,Completado,1172.86,False,10194.86
151,Compra,4739.0,20270711,"U452","P205","Mouse",3,Efectivo,Cancelado,1848.21,False,16065.21
152,Compra,4967.0,20260622,"U453","P206","Monitor",1,Tarjeta,Pendiente,645.71,False,5612.71
153,Apartado,5195.0,20270605,"U454","P207","Impresora",1,Sinpe,Completado,0.0,False,5195.0
154,Visualizacion,5423.0,20260521,"U455","P208","Camara",1,Efectivo,Cancelado,0.0,False,5423.0
155,Visualizacion,5651.0,20270508,"U456","P209","Consola",1,Tarjeta,Pendiente,0.0,False,5651.0
156,Visualizacion,5879.0,20280426,"U457","P210","Smartwatch",1,Sinpe,Completado,0.0,False,5879.0
157,Devolucion,6107.0,20270418,"U458","P211","Bocina",1,Efectivo,Cancelado,0.0,False,6107.0
158,Devolucion,6335.0,20280410,"U459","P212","Microfono",1,Tarjeta,Pendiente,0.0,False,6335.0
159,Seguimiento,6563.0,20270406,"U460","P213","Router",1,Sinpe,Completado,0.0,False,6563.0
160,Compra,6791.0,20280402,"U461","P214","DiscoDuro",3,Efectivo,Cancelado,2648.49,False,23021.49
161,Compra,7019.0,20270402,"U462","P215","SSD",1,Tarjeta,Pendiente,912.47,False,7931.47
162,Apartado,7247.0,20280402,"U463","P216","USB",1,Sinpe,Completado,0.0,False,7247.0
163,Apartado,7475.0,20270406,"U464","P217","Cargador",1,Efectivo,Cancelado,0.0,False,7475.0
164,Apartado,7703.0,20280410,"U465","P218","Proyector",1,Tarjeta,Pendiente,0.0,False,7703.0
165,Visualizacion,7931.0,20270418,"U466","P219","TV",1,Sinpe,Completado,0.0,False,7931.0
166,Devolucion,8159.0,20280426,"U467","P220","Silla Gamer",1,Efectivo,Cancelado,0.0,False,8159.0
167,Devolucion,8387.0,20270508,"U468","P200","Laptop",1,Tarjeta,Pendiente,0.0,False,8387.0
168,Apartado,46273.0,20271029,"U469","P201","Celular",1,Sinpe,Completado,0.0,True,46273.0
169,Visualizacion,46501.0,20261113,"U470","P202","Tablet",1,Efectivo,Cancelado,0.0,True,46501.0
170,Visualizacion,46729.0,20271130,"U471","P203","Audifonos",1,Tarjeta,Pendiente,0.0,True,46729.0
171,Visualizacion,46957.0,20261219,"U472","P204","Teclado",1,Sinpe,Completado,0.0,True,46957.0
172,Seguimiento,47185.0,20280109,"U473","P205","Mouse",1,Efectivo,Cancelado,0.0,True,47185.0
173,Devolucion,47413.0,20270201,"U474","P206","Monitor",1,Tarjeta,Pendiente,0.0,True,47413.0
174,Compra,47641.0,20280226,"U475","P207","Impresora",2,Sinpe,Completado,12386.66,True,107668.66
175,Compra,47869.0,20270325,"U476","P208","Camara",3,Efectivo,Cancelado,18668.91,True,162275.9
176,Compra,48097.0,20280422,"U477","P209","Consola",1,Tarjeta,Pendiente,6252.61,True,54349.61
177,Apartado,48325.0,20270524,"U478","P210","Smartwatch",1,Sinpe,Completado,0.0,True,48325.0
178,Apartado,48553.0,20260626,"U479","P211","Bocina",1,Efectivo,Cancelado,0.0,True,48553.0
179,Compra,20223.0,20270430,"U480","P212","Microfono",1,Tarjeta,Pendiente,2628.99,False,22851.99
180,Compra,20451.0,20260606,"U481","P213","Router",2,Sinpe,Completado,5317.26,False,46219.26
181,Apartado,20679.0,20270715,"U482","P214","DiscoDuro",1,Efectivo,Cancelado,0.0,False,20679.0
182,Apartado,20907.0,20260825,"U483","P215","SSD",1,Tarjeta,Pendiente,0.0,False,20907.0
183,Apartado,21135.0,20271007,"U484","P216","USB",1,Sinpe,Completado,0.0,False,21135.0
184,Visualizacion,21363.0,20261121,"U485","P217","Cargador",1,Efectivo,Cancelado,0.0,False,21363.0
185,Visualizacion,21591.0,20280107,"U486","P218","Proyector",1,Tarjeta,Pendiente,0.0,False,21591.0
186,Devolucion,21819.0,20270225,"U487","P219","TV",1,Sinpe,Completado,0.0,False,21819.0
187,Seguimiento,22047.0,20280416,"U488","P220","Silla Gamer",1,Efectivo,Cancelado,0.0,False,22047.0
188,Seguimiento,22275.0,20270609,"U489","P200","Laptop",1,Tarjeta,Pendiente,0.0,False,22275.0
189,Compra,22503.0,20260803,"U490","P201","Celular",2,Sinpe,Completado,5850.78,False,50856.78
190,Compra,22731.0,20270929,"U491","P202","Tablet",3,Efectivo,Cancelado,8865.09,False,77058.1
191,Compra,22959.0,20261127,"U492","P203","Audifonos",1,Tarjeta,Pendiente,2984.67,False,25943.67
192,Compra,63586.0,20280320,"U493","P204","Teclado",2,Sinpe,Completado,16532.36,True,143704.36
193,Compra,63814.0,20270523,"U494","P205","Mouse",3,Efectivo,Cancelado,24887.46,True,216329.45
194,Compra,64042.0,20260727,"U495","P206","Monitor",1,Tarjeta,Pendiente,8325.46,True,72367.46
195,Apartado,64270.0,20271002,"U496","P207","Impresora",1,Sinpe,Completado,0.0,True,64270.0
196,Visualizacion,64498.0,20261210,"U497","P208","Camara",1,Efectivo,Cancelado,0.0,True,64498.0
197,Apartado,64726.0,20280219,"U498","P209","Consola",1,Tarjeta,Pendiente,0.0,True,64726.0
198,Visualizacion,64954.0,20270503,"U499","P210","Smartwatch",1,Sinpe,Completado,0.0,True,64954.0
199,Devolucion,65182.0,20260717,"U500","P211","Bocina",1,Efectivo,Cancelado,0.0,True,65182.0
200,Devolucion,65410.0,20271002,"U501","P212","Microfono",1,Tarjeta,Pendiente,0.0,True,65410.0
201,Seguimiento,65638.0,20261220,"U502","P213","Router",1,Sinpe,Completado,0.0,True,65638.0
202,Compra,65866.0,20280310,"U503","P214","DiscoDuro",3,Efectivo,Cancelado,25687.74,True,223285.73
203,Compra,66094.0,20270602,"U504","P215","SSD",1,Tarjeta,Pendiente,8592.22,True,74686.22
204,Compra,66322.0,20260826,"U505","P216","USB",2,Sinpe,Completado,17243.72,True,149887.72
205,Apartado,66550.0,20271121,"U506","P217","Cargador",1,Efectivo,Cancelado,0.0,True,66550.0
206,Apartado,66778.0,20270218,"U507","P218","Proyector",1,Tarjeta,Pendiente,0.0,True,66778.0
207,Visualizacion,67006.0,20260520,"U508","P219","TV",1,Sinpe,Completado,0.0,True,67006.0
208,Seguimiento,41656.0,20261125,"U509","P220","Silla Gamer",1,Efectivo,Cancelado,0.0,True,41656.0
209,Seguimiento,41884.0,20280228,"U510","P200","Laptop",1,Tarjeta,Pendiente,0.0,True,41884.0
210,Compra,42112.0,20270605,"U511","P201","Celular",2,Sinpe,Completado,10949.12,True,95173.12
211,Compra,42340.0,20260912,"U512","P202","Tablet",3,Efectivo,Cancelado,16512.6,True,143532.6
212,Compra,42568.0,20271222,"U513","P203","Audifonos",1,Tarjeta,Pendiente,5533.84,True,48101.84
213,Apartado,42796.0,20270404,"U514","P204","Teclado",1,Sinpe,Completado,0.0,True,42796.0
214,Visualizacion,43024.0,20260718,"U515","P205","Mouse",1,Efectivo,Cancelado,0.0,True,43024.0
215,Apartado,43252.0,20271102,"U516","P206","Monitor",1,Tarjeta,Pendiente,0.0,True,43252.0
216,Visualizacion,43480.0,20270219,"U517","P207","Impresora",1,Sinpe,Completado,0.0,True,43480.0
217,Devolucion,43708.0,20260610,"U518","P208","Camara",1,Efectivo,Cancelado,0.0,True,43708.0
218,Devolucion,43936.0,20271001,"U519","P209","Consola",1,Tarjeta,Pendiente,0.0,True,43936.0
219,Seguimiento,44164.0,20270124,"U520","P210","Smartwatch",1,Sinpe,Completado,0.0,True,44164.0
220,Compra,44392.0,20260521,"U521","P211","Bocina",3,Efectivo,Cancelado,17312.88,True,150488.88
221,Compra,44620.0,20270917,"U522","P212","Microfono",1,Tarjeta,Pendiente,5800.6,True,50420.6
222,Compra,44848.0,20270116,"U523","P213","Router",2,Sinpe,Completado,11660.48,True,101356.48
223,Apartado,45076.0,20260519,"U524","P214","DiscoDuro",1,Efectivo,Cancelado,0.0,True,45076.0
224,Apartado,45304.0,20270921,"U525","P215","SSD",1,Tarjeta,Pendiente,0.0,True,45304.0
225,Visualizacion,45532.0,20270126,"U526","P216","USB",1,Sinpe,Completado,0.0,True,45532.0
226,Devolucion,45760.0,20260604,"U527","P217","Cargador",1,Efectivo,Cancelado,0.0,True,45760.0
227,Compra,71159.0,20260730,"U528","P218","Proyector",1,Tarjeta,Pendiente,9250.67,True,80409.67
228,Compra,71387.0,20271210,"U529","P219","TV",2,Sinpe,Completado,18560.62,True,161334.63
229,Apartado,71615.0,20270424,"U530","P220","Silla Gamer",1,Efectivo,Cancelado,0.0,True,71615.0
230,Apartado,71843.0,20260908,"U531","P200","Laptop",1,Tarjeta,Pendiente,0.0,True,71843.0
231,Apartado,72071.0,20280125,"U532","P201","Celular",1,Sinpe,Completado,0.0,True,72071.0
232,Visualizacion,72299.0,20270615,"U533","P202","Tablet",1,Efectivo,Cancelado,0.0,True,72299.0
233,Visualizacion,72527.0,20261105,"U534","P203","Audifonos",1,Tarjeta,Pendiente,0.0,True,72527.0
234,Devolucion,72755.0,20280329,"U535","P204","Teclado",1,Sinpe,Completado,0.0,True,72755.0
235,Seguimiento,72983.0,20270824,"U536","P205","Mouse",1,Efectivo,Cancelado,0.0,True,72983.0
236,Seguimiento,73211.0,20270120,"U537","P206","Monitor",1,Tarjeta,Pendiente,0.0,True,73211.0
237,Compra,73439.0,20260620,"U538","P207","Impresora",2,Sinpe,Completado,19094.14,True,165972.14
238,Compra,73667.0,20271120,"U539","P208","Camara",3,Efectivo,Cancelado,28730.13,True,249731.13
239,Compra,73895.0,20270424,"U540","P209","Consola",1,Tarjeta,Pendiente,9606.35,True,83501.35
240,Apartado,74123.0,20260928,"U541","P210","Smartwatch",1,Sinpe,Completado,0.0,True,74123.0
241,Visualizacion,74351.0,20280305,"U542","P211","Bocina",1,Efectivo,Cancelado,0.0,True,74351.0
242,Visualizacion,74579.0,20270814,"U543","P212","Microfono",1,Tarjeta,Pendiente,0.0,True,74579.0
243,Devolucion,74807.0,20270124,"U544","P213","Router",1,Sinpe,Completado,0.0,True,74807.0
244,Seguimiento,535.0,20260708,"U545","P214","DiscoDuro",1,Efectivo,Cancelado,0.0,False,535.0
245,Seguimiento,763.0,20271222,"U546","P215","SSD",1,Tarjeta,Pendiente,0.0,False,763.0
246,Compra,991.0,20270609,"U547","P216","USB",2,Sinpe,Completado,257.66,False,2239.66
247,Compra,1219.0,20261127,"U548","P217","Cargador",3,Efectivo,Cancelado,475.41,False,4132.41
248,Compra,1447.0,20260519,"U549","P218","Proyector",1,Tarjeta,Pendiente,188.11,False,1635.11
249,Apartado,1675.0,20271110,"U550","P219","TV",1,Sinpe,Completado,0.0,False,1675.0
250,Seguimiento,64904.0,20280423,"U551","P220","Silla Gamer",1,Efectivo,Cancelado,0.0,True,64904.0
251,Seguimiento,65132.0,20271020,"U552","P200","Laptop",1,Tarjeta,Pendiente,0.0,True,65132.0
252,Compra,65360.0,20270419,"U553","P201","Celular",2,Sinpe,Completado,16993.6,True,147713.6
253,Compra,65588.0,20261019,"U554","P202","Tablet",3,Efectivo,Cancelado,25579.32,True,222343.31
254,Compra,65816.0,20280421,"U555","P203","Audifonos",1,Tarjeta,Pendiente,8556.08,True,74372.08
255,Apartado,66044.0,20271026,"U556","P204","Teclado",1,Sinpe,Completado,0.0,True,66044.0
256,Apartado,66272.0,20270503,"U557","P205","Mouse",1,Efectivo,Cancelado,0.0,True,66272.0
257,Apartado,66500.0,20261110,"U558","P206","Monitor",1,Tarjeta,Pendiente,0.0,True,66500.0
258,Visualizacion,66728.0,20260522,"U559","P207","Impresora",1,Sinpe,Completado,0.0,True,66728.0
259,Devolucion,66956.0,20271203,"U560","P208","Camara",1,Efectivo,Cancelado,0.0,True,66956.0
260,Devolucion,67184.0,20270618,"U561","P209","Consola",1,Tarjeta,Pendiente,0.0,True,67184.0
261,Seguimiento,67412.0,20270103,"U562","P210","Smartwatch",1,Sinpe,Completado,0.0,True,67412.0
262,Devolucion,25431.0,20270320,"U563","P211","Bocina",1,Efectivo,Cancelado,0.0,False,25431.0
263,Devolucion,25659.0,20261009,"U564","P212","Microfono",1,Tarjeta,Pendiente,0.0,False,25659.0
264,Seguimiento,25887.0,20280501,"U565","P213","Router",1,Sinpe,Completado,0.0,False,25887.0
265,Compra,26115.0,20271125,"U566","P214","DiscoDuro",3,Efectivo,Cancelado,10184.85,False,88529.85
266,Compra,26343.0,20270622,"U567","P215","SSD",1,Tarjeta,Pendiente,3424.59,False,29767.59
267,Compra,26571.0,20270119,"U568","P216","USB",2,Sinpe,Completado,6908.46,False,60050.46
268,Apartado,26799.0,20260820,"U569","P217","Cargador",1,Efectivo,Cancelado,0.0,False,26799.0
269,Apartado,27027.0,20280322,"U570","P218","Proyector",1,Tarjeta,Pendiente,0.0,False,27027.0
270,Visualizacion,27255.0,20271026,"U571","P219","TV",1,Sinpe,Completado,0.0,False,27255.0
271,Devolucion,27483.0,20270602,"U572","P220","Silla Gamer",1,Efectivo,Cancelado,0.0,False,27483.0
272,Visualizacion,27711.0,20270109,"U573","P200","Laptop",1,Tarjeta,Pendiente,0.0,False,27711.0
273,Seguimiento,27939.0,20260820,"U574","P201","Celular",1,Sinpe,Completado,0.0,False,27939.0
274,Compra,28186.0,20280401,"U575","P202","Tablet",3,Efectivo,Cancelado,10992.54,False,95550.54
275,Compra,28414.0,20271202,"U576","P203","Audifonos",1,Tarjeta,Pendiente,3693.82,False,32107.82
276,Compra,26912.0,20280309,"U577","P204","Teclado",2,Sinpe,Completado,6997.12,False,60821.12
277,Compra,27140.0,20271027,"U578","P205","Mouse",3,Efectivo,Cancelado,10584.6,False,92004.6
278,Compra,27368.0,20270617,"U579","P206","Monitor",1,Tarjeta,Pendiente,3557.84,False,30925.84
279,Apartado,27596.0,20270207,"U580","P207","Impresora",1,Sinpe,Completado,0.0,False,27596.0
280,Visualizacion,27824.0,20261002,"U581","P208","Camara",1,Efectivo,Cancelado,0.0,False,27824.0
281,Visualizacion,28052.0,20260529,"U582","P209","Consola",1,Tarjeta,Pendiente,0.0,False,28052.0
282,Devolucion,28280.0,20280125,"U583","P210","Smartwatch",1,Sinpe,Completado,0.0,False,28280.0
283,Seguimiento,28508.0,20270925,"U584","P211","Bocina",1,Efectivo,Cancelado,0.0,False,28508.0
284,Seguimiento,28736.0,20270528,"U585","P212","Microfono",1,Tarjeta,Pendiente,0.0,False,28736.0
285,Compra,28964.0,20270130,"U586","P213","Router",2,Sinpe,Completado,7530.64,False,65458.64
286,Compra,29192.0,20261006,"U587","P214","DiscoDuro",3,Efectivo,Cancelado,11384.88,False,98960.88
287,Compra,29420.0,20260614,"U588","P215","SSD",1,Tarjeta,Pendiente,3824.6,False,33244.6
288,Apartado,29648.0,20280222,"U589","P216","USB",1,Sinpe,Completado,0.0,False,29648.0
289,Apartado,29876.0,20271104,"U590","P217","Cargador",1,Efectivo,Cancelado,0.0,False,29876.0
290,Apartado,30104.0,20270719,"U591","P218","Proyector",1,Tarjeta,Pendiente,0.0,False,30104.0
291,Visualizacion,30332.0,20270404,"U592","P219","TV",1,Sinpe,Completado,0.0,False,30332.0
292,Devolucion,30560.0,20261221,"U593","P220","Silla Gamer",1,Efectivo,Cancelado,0.0,False,30560.0
293,Devolucion,5061.0,20270519,"U594","P200","Laptop",1,Tarjeta,Pendiente,0.0,False,5061.0
294,Seguimiento,5289.0,20270208,"U595","P201","Celular",1,Sinpe,Completado,0.0,False,5289.0
295,Compra,5517.0,20261102,"U596","P202","Tablet",3,Efectivo,Cancelado,2151.63,False,18702.63
296,Compra,5745.0,20260729,"U597","P203","Audifonos",1,Tarjeta,Pendiente,746.85,False,6491.85
297,Compra,5973.0,20280425,"U598","P204","Teclado",2,Sinpe,Completado,1552.98,False,13498.98
298,Apartado,6201.0,20280124,"U599","P205","Mouse",1,Efectivo,Cancelado,0.0,False,6201.0
299,Apartado,6429.0,20271026,"U300","P206","Monitor",1,Tarjeta,Pendiente,0.0,False,6429.0
300,Visualizacion,6657.0,20270730,"U301","P207","Impresora",1,Sinpe,Completado,0.0,False,6657.0
301,Devolucion,6885.0,20270505,"U302","P208","Camara",1,Efectivo,Cancelado,0.0,False,6885.0
302,Devolucion,7113.0,20270210,"U303","P209","Consola",1,Tarjeta,Pendiente,0.0,False,7113.0
303,Seguimiento,7341.0,20261120,"U304","P210","Smartwatch",1,Sinpe,Completado,0.0,False,7341.0
304,Compra,7569.0,20260901,"U305","P211","Bocina",3,Efectivo,Cancelado,2951.91,False,25658.91
305,Compra,7797.0,20260615,"U306","P212","Microfono",1,Tarjeta,Pendiente,1013.61,False,8810.61
306,Compra,8025.0,20280330,"U307","P213","Router",2,Sinpe,Completado,2086.5,False,18136.5
307,Apartado,8253.0,20280116,"U308","P214","DiscoDuro",1,Efectivo,Cancelado,0.0,False,8253.0
308,Apartado,8481.0,20271105,"U309","P215","SSD",1,Tarjeta,Pendiente,0.0,False,8481.0
309,Visualizacion,8709.0,20270827,"U310","P216","USB",1,Sinpe,Completado,0.0,False,8709.0
310,Visualizacion,8937.0,20270620,"U311","P217","Cargador",1,Efectivo,Cancelado,0.0,False,8937.0
311,Visualizacion,9165.0,20270415,"U312","P218","Proyector",1,Tarjeta,Pendiente,0.0,False,9165.0
312,Devolucion,9393.0,20270210,"U313","P219","TV",1,Sinpe,Completado,0.0,False,9393.0
313,Apartado,44257.0,20271109,"U314","P220","Silla Gamer",1,Efectivo,Cancelado,0.0,True,44257.0
314,Compra,44485.0,20270910,"U315","P200","Laptop",1,Tarjeta,Pendiente,5783.05,True,50268.05
315,Apartado,44713.0,20270714,"U316","P201","Celular",1,Sinpe,Completado,0.0,True,44713.0
316,Visualizacion,44941.0,20270519,"U317","P202","Tablet",1,Efectivo,Cancelado,0.0,True,44941.0
317,Visualizacion,45169.0,20270326,"U318","P203","Audifonos",1,Tarjeta,Pendiente,0.0,True,45169.0
318,Devolucion,45397.0,20270202,"U319","P204","Teclado",1,Sinpe,Completado,0.0,True,45397.0
319,Seguimiento,45625.0,20261214,"U320","P205","Mouse",1,Efectivo,Cancelado,0.0,True,45625.0
320,Seguimiento,45853.0,20261027,"U321","P206","Monitor",1,Tarjeta,Pendiente,0.0,True,45853.0
321,Compra,46081.0,20260911,"U322","P207","Impresora",2,Sinpe,Completado,11981.06,True,104143.06
322,Compra,46309.0,20260729,"U323","P208","Camara",3,Efectivo,Cancelado,18060.51,True,156987.52
323,Compra,46537.0,20260617,"U324","P209","Consola",1,Tarjeta,Pendiente,6049.81,True,52586.81
324,Apartado,46765.0,20260508,"U325","P210","Smartwatch",1,Sinpe,Completado,0.0,True,46765.0
325,Visualizacion,46993.0,20280330,"U326","P211","Bocina",1,Efectivo,Cancelado,0.0,True,46993.0
326,Visualizacion,47221.0,20280223,"U327","P212","Microfono",1,Tarjeta,Pendiente,0.0,True,47221.0
327,Visualizacion,47449.0,20280120,"U328","P213","Router",1,Sinpe,Completado,0.0,True,47449.0
328,Seguimiento,47677.0,20271219,"U329","P214","DiscoDuro",1,Efectivo,Cancelado,0.0,True,47677.0
329,Devolucion,47905.0,20271119,"U330","P215","SSD",1,Tarjeta,Pendiente,0.0,True,47905.0
330,Compra,48133.0,20271022,"U331","P216","USB",2,Sinpe,Completado,12514.58,True,108780.58
331,Compra,48361.0,20270926,"U332","P217","Cargador",3,Efectivo,Cancelado,18860.79,True,163943.78
332,Compra,48589.0,20270902,"U333","P218","Proyector",1,Tarjeta,Pendiente,6316.57,True,54905.57
333,Apartado,48817.0,20270811,"U334","P219","TV",1,Sinpe,Completado,0.0,True,48817.0
334,Apartado,49045.0,20270722,"U335","P220","Silla Gamer",1,Efectivo,Cancelado,0.0,True,49045.0
335,Apartado,49273.0,20270704,"U336","P200","Laptop",1,Tarjeta,Pendiente,0.0,True,49273.0
336,Visualizacion,49501.0,20270618,"U337","P201","Celular",1,Sinpe,Completado,0.0,True,49501.0
337,Apartado,41725.0,20260825,"U338","P202","Tablet",1,Efectivo,Cancelado,0.0,True,41725.0
338,Compra,41953.0,20260813,"U339","P203","Audifonos",1,Tarjeta,Pendiente,5453.89,True,47406.89
339,Apartado,42181.0,20260803,"U340","P204","Teclado",1,Sinpe,Completado,0.0,True,42181.0
340,Visualizacion,42409.0,20260726,"U341","P205","Mouse",1,Efectivo,Cancelado,0.0,True,42409.0
341,Visualizacion,42637.0,20260720,"U342","P206","Monitor",1,Tarjeta,Pendiente,0.0,True,42637.0
342,Devolucion,42865.0,20260716,"U343","P207","Impresora",1,Sinpe,Completado,0.0,True,42865.0
343,Seguimiento,43093.0,20260714,"U344","P208","Camara",1,Efectivo,Cancelado,0.0,True,43093.0
344,Seguimiento,43321.0,20260714,"U345","P209","Consola",1,Tarjeta,Pendiente,0.0,True,43321.0
345,Compra,43549.0,20260716,"U346","P210","Smartwatch",2,Sinpe,Completado,11322.74,True,98420.74
346,Compra,43777.0,20260720,"U347","P211","Bocina",3,Efectivo,Cancelado,17073.03,True,148404.03
347,Compra,44005.0,20260726,"U348","P212","Microfono",1,Tarjeta,Pendiente,5720.65,True,49725.65
348,Apartado,44233.0,20260803,"U349","P213","Router",1,Sinpe,Completado,0.0,True,44233.0
349,Visualizacion,44461.0,20260813,"U350","P214","DiscoDuro",1,Efectivo,Cancelado,0.0,True,44461.0
350,Seguimiento,5628.0,20280424,"U351","P215","SSD",1,Tarjeta,Pendiente,0.0,False,5628.0
351,Compra,5856.0,20260509,"U352","P216","USB",2,Sinpe,Completado,1522.56,False,13234.56
352,Compra,6084.0,20260525,"U353","P217","Cargador",3,Efectivo,Cancelado,2372.76,False,20624.76
353,Compra,6312.0,20260612,"U354","P218","Proyector",1,Tarjeta,Pendiente,820.56,False,7132.56
354,Apartado,6540.0,20260702,"U355","P219","TV",1,Sinpe,Completado,0.0,False,6540.0
355,Visualizacion,6768.0,20260724,"U356","P220","Silla Gamer",1,Efectivo,Cancelado,0.0,False,6768.0
356,Visualizacion,6996.0,20260817,"U357","P200","Laptop",1,Tarjeta,Pendiente,0.0,False,6996.0
357,Devolucion,7224.0,20260912,"U358","P201","Celular",1,Sinpe,Completado,0.0,False,7224.0
358,Seguimiento,7452.0,20261010,"U359","P202","Tablet",1,Efectivo,Cancelado,0.0,False,7452.0
359,Seguimiento,7680.0,20261109,"U360","P203","Audifonos",1,Tarjeta,Pendiente,0.0,False,7680.0
360,Compra,7908.0,20261211,"U361","P204","Teclado",2,Sinpe,Completado,2056.08,False,17872.08
361,Compra,8136.0,20270114,"U362","P205","Mouse",3,Efectivo,Cancelado,3173.04,False,27581.04
362,Compra,8364.0,20270219,"U363","P206","Monitor",1,Tarjeta,Pendiente,1087.32,False,9451.32
363,Apartado,8592.0,20270329,"U364","P207","Impresora",1,Sinpe,Completado,0.0,False,8592.0
364,Visualizacion,8820.0,20270508,"U365","P208","Camara",1,Efectivo,Cancelado,0.0,False,8820.0
365,Visualizacion,9048.0,20270619,"U366","P209","Consola",1,Tarjeta,Pendiente,0.0,False,9048.0
366,Apartado,45886.0,20271207,"U367","P210","Smartwatch",1,Sinpe,Completado,0.0,True,45886.0
367,Visualizacion,46114.0,20280122,"U368","P211","Bocina",1,Efectivo,Cancelado,0.0,True,46114.0
368,Visualizacion,46342.0,20280310,"U369","P212","Microfono",1,Tarjeta,Pendiente,0.0,True,46342.0
369,Visualizacion,46570.0,20280429,"U370","P213","Router",1,Sinpe,Completado,0.0,True,46570.0
370,Devolucion,46798.0,20260621,"U371","P214","DiscoDuro",1,Efectivo,Cancelado,0.0,True,46798.0
371,Devolucion,47026.0,20260814,"U372","P215","SSD",1,Tarjeta,Pendiente,0.0,True,47026.0
372,Seguimiento,47254.0,20261009,"U373","P216","USB",1,Sinpe,Completado,0.0,True,47254.0
373,Compra,47482.0,20261206,"U374","P217","Cargador",3,Efectivo,Cancelado,18517.98,True,160963.98
374,Compra,47710.0,20270204,"U375","P218","Proyector",1,Tarjeta,Pendiente,6202.3,True,53912.3
375,Apartado,47938.0,20270407,"U376","P219","TV",1,Sinpe,Completado,0.0,True,47938.0
376,Apartado,48166.0,20270610,"U377","P220","Silla Gamer",1,Efectivo,Cancelado,0.0,True,48166.0
377,Apartado,48394.0,20270815,"U378","P200","Laptop",1,Tarjeta,Pendiente,0.0,True,48394.0
378,Visualizacion,48622.0,20271022,"U379","P201","Celular",1,Sinpe,Completado,0.0,True,48622.0
379,Devolucion,48850.0,20271231,"U380","P202","Tablet",1,Efectivo,Cancelado,0.0,True,48850.0
380,Devolucion,49078.0,20280312,"U381","P203","Audifonos",1,Tarjeta,Pendiente,0.0,True,49078.0
381,Seguimiento,49306.0,20260526,"U382","P204","Teclado",1,Sinpe,Completado,0.0,True,49306.0
382,Compra,49534.0,20260810,"U383","P205","Mouse",3,Efectivo,Cancelado,19318.26,True,167920.27
383,Compra,49762.0,20261027,"U384","P206","Monitor",1,Tarjeta,Pendiente,6469.06,True,56231.06
384,Compra,49990.0,20270115,"U385","P207","Impresora",2,Sinpe,Completado,12997.4,True,112977.4
385,Compra,48290.0,20260627,"U386","P208","Camara",3,Efectivo,Cancelado,18833.1,True,163703.1
386,Compra,48518.0,20260919,"U387","P209","Consola",1,Tarjeta,Pendiente,6307.34,True,54825.34
387,Compra,48746.0,20261214,"U388","P210","Smartwatch",2,Sinpe,Completado,12673.96,True,110165.96
388,Apartado,48974.0,20270312,"U389","P211","Bocina",1,Efectivo,Cancelado,0.0,True,48974.0
389,Apartado,49202.0,20270610,"U390","P212","Microfono",1,Tarjeta,Pendiente,0.0,True,49202.0
390,Apartado,49430.0,20270910,"U391","P213","Router",1,Sinpe,Completado,0.0,True,49430.0
391,Visualizacion,49658.0,20271213,"U392","P214","DiscoDuro",1,Efectivo,Cancelado,0.0,True,49658.0
392,Visualizacion,49886.0,20280318,"U393","P215","SSD",1,Tarjeta,Pendiente,0.0,True,49886.0
393,Devolucion,50114.0,20260625,"U394","P216","USB",1,Sinpe,Completado,0.0,True,50114.0
394,Seguimiento,50342.0,20261003,"U395","P217","Cargador",1,Efectivo,Cancelado,0.0,True,50342.0
395,Seguimiento,50570.0,20270113,"U396","P218","Proyector",1,Tarjeta,Pendiente,0.0,True,50570.0
396,Compra,50798.0,20270427,"U397","P219","TV",2,Sinpe,Completado,13207.48,True,114803.48
397,Compra,51026.0,20270811,"U398","P220","Silla Gamer",3,Efectivo,Cancelado,19900.14,True,172978.14
398,Compra,51254.0,20271127,"U399","P200","Laptop",1,Tarjeta,Pendiente,6663.02,True,57917.02
399,Apartado,51482.0,20280316,"U400","P201","Celular",1,Sinpe,Completado,0.0,True,51482.0
400,Visualizacion,51710.0,20260707,"U401","P202","Tablet",1,Efectivo,Cancelado,0.0,True,51710.0
401,Visualizacion,51938.0,20261029,"U402","P203","Audifonos",1,Tarjeta,Pendiente,0.0,True,51938.0
402,Devolucion,52166.0,20270222,"U403","P204","Teclado",1,Sinpe,Completado,0.0,True,52166.0
403,Seguimiento,52394.0,20270620,"U404","P205","Mouse",1,Efectivo,Cancelado,0.0,True,52394.0
404,Seguimiento,52622.0,20271018,"U405","P206","Monitor",1,Tarjeta,Pendiente,0.0,True,52622.0
405,Compra,52850.0,20280217,"U406","P207","Impresora",2,Sinpe,Completado,13741.0,True,119441.0
406,Compra,53078.0,20260621,"U407","P208","Camara",3,Efectivo,Cancelado,20700.42,True,179934.42
407,Compra,53306.0,20261025,"U408","P209","Consola",1,Tarjeta,Pendiente,6929.78,True,60235.78
408,Seguimiento,27076.0,20270319,"U409","P210","Smartwatch",1,Sinpe,Completado,0.0,False,27076.0
409,Compra,27304.0,20270727,"U410","P211","Bocina",3,Efectivo,Cancelado,10648.56,False,92560.56
410,Compra,27532.0,20271206,"U411","P212","Microfono",1,Tarjeta,Pendiente,3579.16,False,31111.16
411,Compra,27760.0,20280418,"U412","P213","Router",2,Sinpe,Completado,7217.6,False,62737.6
412,Apartado,27988.0,20260902,"U413","P214","DiscoDuro",1,Efectivo,Cancelado,0.0,False,27988.0
413,Apartado,28216.0,20270118,"U414","P215","SSD",1,Tarjeta,Pendiente,0.0,False,28216.0
414,Visualizacion,28444.0,20270607,"U415","P216","USB",1,Sinpe,Completado,0.0,False,28444.0
415,Visualizacion,28672.0,20271027,"U416","P217","Cargador",1,Efectivo,Cancelado,0.0,False,28672.0
416,Visualizacion,28900.0,20280319,"U417","P218","Proyector",1,Tarjeta,Pendiente,0.0,False,28900.0
417,Devolucion,29128.0,20260813,"U418","P219","TV",1,Sinpe,Completado,0.0,False,29128.0
418,Seguimiento,29356.0,20270108,"U419","P220","Silla Gamer",1,Efectivo,Cancelado,0.0,False,29356.0
419,Devolucion,56497.0,20271015,"U420","P200","Laptop",1,Tarjeta,Pendiente,0.0,True,56497.0
420,Seguimiento,56725.0,20280315,"U421","P201","Celular",1,Sinpe,Completado,0.0,True,56725.0
421,Compra,56953.0,20260817,"U422","P202","Tablet",3,Efectivo,Cancelado,22211.67,True,193070.69
422,Compra,57181.0,20270120,"U423","P203","Audifonos",1,Tarjeta,Pendiente,7433.53,True,64614.53
423,Compra,57409.0,20270627,"U424","P204","Teclado",2,Sinpe,Completado,14926.34,True,129744.34
424,Apartado,57637.0,20271204,"U425","P205","Mouse",1,Efectivo,Cancelado,0.0,True,57637.0
425,Apartado,57865.0,20260515,"U426","P206","Monitor",1,Tarjeta,Pendiente,0.0,True,57865.0
426,Visualizacion,58093.0,20261026,"U427","P207","Impresora",1,Sinpe,Completado,0.0,True,58093.0
427,Devolucion,58321.0,20270410,"U428","P208","Camara",1,Efectivo,Cancelado,0.0,True,58321.0
428,Devolucion,58549.0,20270925,"U429","P209","Consola",1,Tarjeta,Pendiente,0.0,True,58549.0
429,Seguimiento,58777.0,20280313,"U430","P210","Smartwatch",1,Sinpe,Completado,0.0,True,58777.0
430,Compra,59005.0,20260902,"U431","P211","Bocina",3,Efectivo,Cancelado,23011.95,True,200026.95
431,Compra,59233.0,20270223,"U432","P212","Microfono",1,Tarjeta,Pendiente,7700.29,True,66933.29
432,Devolucion,18249.0,20261017,"U433","P213","Router",1,Sinpe,Completado,0.0,False,18249.0
433,Seguimiento,18477.0,20270413,"U434","P214","DiscoDuro",1,Efectivo,Cancelado,0.0,False,18477.0
434,Seguimiento,18705.0,20271010,"U435","P215","SSD",1,Tarjeta,Pendiente,0.0,False,18705.0
435,Compra,18933.0,20280409,"U436","P216","USB",2,Sinpe,Completado,4922.58,False,42788.58
436,Compra,19161.0,20261011,"U437","P217","Cargador",3,Efectivo,Cancelado,7472.79,False,64955.79
437,Compra,19389.0,20270415,"U438","P218","Proyector",1,Tarjeta,Pendiente,2520.57,False,21909.57
438,Apartado,19617.0,20271020,"U439","P219","TV",1,Sinpe,Completado,0.0,False,19617.0
439,Visualizacion,19845.0,20280427,"U440","P220","Silla Gamer",1,Efectivo,Cancelado,0.0,False,19845.0
440,Visualizacion,20073.0,20261106,"U441","P200","Laptop",1,Tarjeta,Pendiente,0.0,False,20073.0
441,Visualizacion,20301.0,20270519,"U442","P201","Celular",1,Sinpe,Completado,0.0,False,20301.0
442,Devolucion,20529.0,20271201,"U443","P202","Tablet",1,Efectivo,Cancelado,0.0,False,20529.0
443,Devolucion,20757.0,20260617,"U444","P203","Audifonos",1,Tarjeta,Pendiente,0.0,False,20757.0
444,Seguimiento,20985.0,20270103,"U445","P204","Teclado",1,Sinpe,Completado,0.0,False,20985.0
445,Compra,21213.0,20270724,"U446","P205","Mouse",3,Efectivo,Cancelado,8273.07,False,71912.07
446,Compra,21441.0,20280213,"U447","P206","Monitor",1,Tarjeta,Pendiente,2787.33,False,24228.33
447,Compra,21669.0,20260907,"U448","P207","Impresora",2,Sinpe,Completado,5633.94,False,48971.94
448,Compra,1034.0,20270606,"U449","P208","Camara",3,Efectivo,Cancelado,403.26,False,3505.26
449,Compra,1262.0,20280102,"U450","P209","Consola",1,Tarjeta,Pendiente,164.06,False,1426.06
450,Compra,1490.0,20260802,"U451","P210","Smartwatch",2,Sinpe,Completado,387.4,False,3367.4
451,Apartado,1718.0,20270304,"U452","P211","Bocina",1,Efectivo,Cancelado,0.0,False,1718.0
452,Apartado,1946.0,20271006,"U453","P212","Microfono",1,Tarjeta,Pendiente,0.0,False,1946.0
453,Visualizacion,2174.0,20260512,"U454","P213","Router",1,Sinpe,Completado,0.0,False,2174.0
454,Devolucion,2402.0,20261218,"U455","P214","DiscoDuro",1,Efectivo,Cancelado,0.0,False,2402.0
455,Devolucion,2630.0,20270728,"U456","P215","SSD",1,Tarjeta,Pendiente,0.0,False,2630.0
456,Seguimiento,2858.0,20280308,"U457","P216","USB",1,Sinpe,Completado,0.0,False,2858.0
457,Compra,3086.0,20261021,"U458","P217","Cargador",3,Efectivo,Cancelado,1203.54,False,10461.54
458,Compra,3314.0,20270606,"U459","P218","Proyector",1,Tarjeta,Pendiente,430.82,False,3744.82
459,Compra,3542.0,20280122,"U460","P219","TV",2,Sinpe,Completado,920.92,False,8004.92
460,Apartado,3770.0,20260911,"U461","P220","Silla Gamer",1,Efectivo,Cancelado,0.0,False,3770.0
461,Apartado,3998.0,20270503,"U462","P200","Laptop",1,Tarjeta,Pendiente,0.0,False,3998.0
462,Visualizacion,4226.0,20271225,"U463","P201","Celular",1,Sinpe,Completado,0.0,False,4226.0
463,Visualizacion,4454.0,20260820,"U464","P202","Tablet",1,Efectivo,Cancelado,0.0,False,4454.0
464,Visualizacion,4682.0,20270417,"U465","P203","Audifonos",1,Tarjeta,Pendiente,0.0,False,4682.0
465,Devolucion,4910.0,20271215,"U466","P204","Teclado",1,Sinpe,Completado,0.0,False,4910.0
466,Compra,5138.0,20260816,"U467","P205","Mouse",3,Efectivo,Cancelado,2003.82,False,17417.82
467,Seguimiento,56590.0,20270723,"U468","P206","Monitor",1,Tarjeta,Pendiente,0.0,True,56590.0
468,Compra,56818.0,20280327,"U469","P207","Impresora",2,Sinpe,Completado,14772.68,True,128408.68
469,Compra,57046.0,20261203,"U470","P208","Camara",3,Efectivo,Cancelado,22247.94,True,193385.94
470,Compra,57274.0,20270812,"U471","P209","Consola",1,Tarjeta,Pendiente,7445.62,True,64719.62
471,Apartado,57502.0,20280422,"U472","P210","Smartwatch",1,Sinpe,Completado,0.0,True,57502.0
472,Visualizacion,57730.0,20270104,"U473","P211","Bocina",1,Efectivo,Cancelado,0.0,True,57730.0
473,Apartado,57958.0,20270919,"U474","P212","Microfono",1,Tarjeta,Pendiente,0.0,True,57958.0
474,Visualizacion,58186.0,20260606,"U475","P213","Router",1,Sinpe,Completado,0.0,True,58186.0
475,Devolucion,58414.0,20270223,"U476","P214","DiscoDuro",1,Efectivo,Cancelado,0.0,True,58414.0
476,Devolucion,58642.0,20271114,"U477","P215","SSD",1,Tarjeta,Pendiente,0.0,True,58642.0
477,Seguimiento,58870.0,20260807,"U478","P216","USB",1,Sinpe,Completado,0.0,True,58870.0
478,Compra,59098.0,20270502,"U479","P217","Cargador",3,Efectivo,Cancelado,23048.22,True,200342.22
479,Compra,59326.0,20280127,"U480","P218","Proyector",1,Tarjeta,Pendiente,7712.38,True,67038.38
480,Compra,59554.0,20261026,"U481","P219","TV",2,Sinpe,Completado,15484.04,True,134592.05
481,Apartado,59782.0,20270727,"U482","P220","Silla Gamer",1,Efectivo,Cancelado,0.0,True,59782.0
482,Apartado,60010.0,20280428,"U483","P200","Laptop",1,Tarjeta,Pendiente,0.0,True,60010.0
483,Visualizacion,60238.0,20270201,"U484","P201","Celular",1,Sinpe,Completado,0.0,True,60238.0
484,Devolucion,60466.0,20271108,"U485","P202","Tablet",1,Efectivo,Cancelado,0.0,True,60466.0
485,Devolucion,60694.0,20260817,"U486","P203","Audifonos",1,Tarjeta,Pendiente,0.0,True,60694.0
486,Seguimiento,60922.0,20270528,"U487","P204","Teclado",1,Sinpe,Completado,0.0,True,60922.0
487,Compra,61150.0,20280309,"U488","P205","Mouse",3,Efectivo,Cancelado,23848.5,True,207298.5
488,Compra,61378.0,20261223,"U489","P206","Monitor",1,Tarjeta,Pendiente,7979.14,True,69357.14
489,Compra,61606.0,20271009,"U490","P207","Impresora",2,Sinpe,Completado,16017.56,True,139229.56
490,Apartado,55580.0,20280427,"U491","P208","Camara",1,Efectivo,Cancelado,0.0,True,55580.0
491,Apartado,55808.0,20270216,"U492","P209","Consola",1,Tarjeta,Pendiente,0.0,True,55808.0
492,Visualizacion,56036.0,20271209,"U493","P210","Smartwatch",1,Sinpe,Completado,0.0,True,56036.0
493,Visualizacion,56264.0,20261003,"U494","P211","Bocina",1,Efectivo,Cancelado,0.0,True,56264.0
494,Visualizacion,56492.0,20270730,"U495","P212","Microfono",1,Tarjeta,Pendiente,0.0,True,56492.0
495,Devolucion,56720.0,20260528,"U496","P213","Router",1,Sinpe,Completado,0.0,True,56720.0
496,Compra,56948.0,20270328,"U497","P214","DiscoDuro",3,Efectivo,Cancelado,22209.72,True,193053.72
497,Seguimiento,57176.0,20280128,"U498","P215","SSD",1,Tarjeta,Pendiente,0.0,True,57176.0
498,Compra,57404.0,20261202,"U499","P216","USB",2,Sinpe,Completado,14925.04,True,129733.04
499,Apartado,57632.0,20271008,"U500","P217","Cargador",1,Efectivo,Cancelado,0.0,True,57632.0
500,Apartado,57860.0,20260816,"U501","P218","Proyector",1,Tarjeta,Pendiente,0.0,True,57860.0
501,Apartado,58088.0,20270626,"U502","P219","TV",1,Sinpe,Completado,0.0,True,58088.0
502,Visualizacion,37624.0,20261211,"U503","P220","Silla Gamer",1,Efectivo,Cancelado,0.0,False,37624.0
503,Visualizacion,37852.0,20271025,"U504","P200","Laptop",1,Tarjeta,Pendiente,0.0,True,37852.0
504,Devolucion,38080.0,20260910,"U505","P201","Celular",1,Sinpe,Completado,0.0,True,38080.0
505,Seguimiento,38308.0,20270729,"U506","P202","Tablet",1,Efectivo,Cancelado,0.0,False,38308.0
506,Seguimiento,38536.0,20260618,"U507","P203","Audifonos",1,Tarjeta,Pendiente,0.0,False,38536.0
507,Compra,38764.0,20270510,"U508","P204","Teclado",2,Sinpe,Completado,10078.64,True,87606.64
508,Compra,38992.0,20280402,"U509","P205","Mouse",3,Efectivo,Cancelado,15206.88,True,132182.88
509,Compra,39220.0,20270227,"U510","P206","Monitor",1,Tarjeta,Pendiente,5098.6,True,44318.6
510,Apartado,39448.0,20280125,"U511","P207","Impresora",1,Sinpe,Completado,0.0,True,39448.0
511,Visualizacion,39676.0,20261225,"U512","P208","Camara",1,Efectivo,Cancelado,0.0,True,39676.0
512,Visualizacion,39904.0,20271126,"U513","P209","Consola",1,Tarjeta,Pendiente,0.0,True,39904.0
513,Visualizacion,40132.0,20261030,"U514","P210","Smartwatch",1,Sinpe,Completado,0.0,True,40132.0
514,Devolucion,40360.0,20271005,"U515","P211","Bocina",1,Efectivo,Cancelado,0.0,True,40360.0
515,Devolucion,40588.0,20260912,"U516","P212","Microfono",1,Tarjeta,Pendiente,0.0,True,40588.0
516,Visualizacion,8188.0,20261209,"U517","P213","Router",1,Sinpe,Completado,0.0,False,8188.0
517,Devolucion,8416.0,20271120,"U518","P214","DiscoDuro",1,Efectivo,Cancelado,0.0,False,8416.0
518,Devolucion,8644.0,20261103,"U519","P215","SSD",1,Tarjeta,Pendiente,0.0,False,8644.0
519,Seguimiento,8872.0,20271019,"U520","P216","USB",1,Sinpe,Completado,0.0,False,8872.0
520,Compra,9100.0,20261006,"U521","P217","Cargador",3,Efectivo,Cancelado,3549.0,False,30849.0
521,Compra,9328.0,20270925,"U522","P218","Proyector",1,Tarjeta,Pendiente,1212.64,False,10540.64
522,Compra,9556.0,20260916,"U523","P219","TV",2,Sinpe,Completado,2484.56,False,21596.56
523,Apartado,9784.0,20270909,"U524","P220","Silla Gamer",1,Efectivo,Cancelado,0.0,False,9784.0
524,Apartado,10012.0,20260904,"U525","P200","Laptop",1,Tarjeta,Pendiente,0.0,False,10012.0
525,Visualizacion,10240.0,20270901,"U526","P201","Celular",1,Sinpe,Completado,0.0,False,10240.0
526,Devolucion,10468.0,20260831,"U527","P202","Tablet",1,Efectivo,Cancelado,0.0,False,10468.0
527,Visualizacion,10696.0,20270901,"U528","P203","Audifonos",1,Tarjeta,Pendiente,0.0,False,10696.0
528,Seguimiento,10924.0,20260904,"U529","P204","Teclado",1,Sinpe,Completado,0.0,False,10924.0
529,Compra,11152.0,20270909,"U530","P205","Mouse",3,Efectivo,Cancelado,4349.28,False,37805.28
530,Compra,11380.0,20260916,"U531","P206","Monitor",1,Tarjeta,Pendiente,1479.4,False,12859.4
531,Compra,11608.0,20270925,"U532","P207","Impresora",2,Sinpe,Completado,3018.08,False,26234.08
532,Apartado,11836.0,20261006,"U533","P208","Camara",1,Efectivo,Cancelado,0.0,False,11836.0
533,Seguimiento,14628.0,20261219,"U534","P209","Consola",1,Tarjeta,Pendiente,0.0,False,14628.0
534,Compra,14856.0,20280103,"U535","P210","Smartwatch",2,Sinpe,Completado,3862.56,False,33574.56
535,Apartado,15084.0,20270120,"U536","P211","Bocina",1,Efectivo,Cancelado,0.0,False,15084.0
536,Apartado,15312.0,20280208,"U537","P212","Microfono",1,Tarjeta,Pendiente,0.0,False,15312.0
537,Apartado,15540.0,20270301,"U538","P213","Router",1,Sinpe,Completado,0.0,False,15540.0
538,Visualizacion,15768.0,20280323,"U539","P214","DiscoDuro",1,Efectivo,Cancelado,0.0,False,15768.0
539,Visualizacion,15996.0,20270418,"U540","P215","SSD",1,Tarjeta,Pendiente,0.0,False,15996.0
540,Devolucion,16224.0,20260515,"U541","P216","USB",1,Sinpe,Completado,0.0,False,16224.0
541,Seguimiento,16452.0,20270613,"U542","P217","Cargador",1,Efectivo,Cancelado,0.0,False,16452.0
542,Seguimiento,16680.0,20260714,"U543","P218","Proyector",1,Tarjeta,Pendiente,0.0,False,16680.0
543,Compra,16908.0,20270816,"U544","P219","TV",2,Sinpe,Completado,4396.08,False,38212.08
544,Compra,17136.0,20260920,"U545","P220","Silla Gamer",3,Efectivo,Cancelado,6683.04,False,58091.04
545,Compra,17364.0,20271027,"U546","P200","Laptop",1,Tarjeta,Pendiente,2257.32,False,19621.32
546,Apartado,17592.0,20261205,"U547","P201","Celular",1,Sinpe,Completado,0.0,False,17592.0
547,Visualizacion,17820.0,20280115,"U548","P202","Tablet",1,Efectivo,Cancelado,0.0,False,17820.0
548,Visualizacion,18048.0,20270227,"U549","P203","Audifonos",1,Tarjeta,Pendiente,0.0,False,18048.0
549,Devolucion,18276.0,20280412,"U550","P204","Teclado",1,Sinpe,Completado,0.0,False,18276.0
550,Seguimiento,18504.0,20270530,"U551","P205","Mouse",1,Efectivo,Cancelado,0.0,False,18504.0
551,Seguimiento,18732.0,20260718,"U552","P206","Monitor",1,Tarjeta,Pendiente,0.0,False,18732.0
552,Compra,18960.0,20270907,"U553","P207","Impresora",2,Sinpe,Completado,4929.6,False,42849.6
553,Compra,51734.0,20271109,"U554","P208","Camara",3,Efectivo,Cancelado,20176.26,True,175378.27
554,Compra,51962.0,20270103,"U555","P209","Consola",1,Tarjeta,Pendiente,6755.06,True,58717.06
555,Apartado,52190.0,20280229,"U556","P210","Smartwatch",1,Sinpe,Completado,0.0,True,52190.0
556,Visualizacion,52418.0,20270429,"U557","P211","Bocina",1,Efectivo,Cancelado,0.0,True,52418.0
557,Apartado,52646.0,20260629,"U558","P212","Microfono",1,Tarjeta,Pendiente,0.0,True,52646.0
558,Visualizacion,52874.0,20270831,"U559","P213","Router",1,Sinpe,Completado,0.0,True,52874.0
559,Devolucion,53102.0,20261104,"U560","P214","DiscoDuro",1,Efectivo,Cancelado,0.0,True,53102.0
560,Devolucion,53330.0,20280110,"U561","P215","SSD",1,Tarjeta,Pendiente,0.0,True,53330.0
561,Seguimiento,53558.0,20270320,"U562","P216","USB",1,Sinpe,Completado,0.0,True,53558.0
562,Compra,53786.0,20260530,"U563","P217","Cargador",3,Efectivo,Cancelado,20976.54,True,182334.55
563,Compra,54014.0,20270811,"U564","P218","Proyector",1,Tarjeta,Pendiente,7021.82,True,61035.82
564,Compra,54242.0,20261025,"U565","P219","TV",2,Sinpe,Completado,14102.92,True,122586.92
565,Apartado,54470.0,20280110,"U566","P220","Silla Gamer",1,Efectivo,Cancelado,0.0,True,54470.0
566,Apartado,54698.0,20270330,"U567","P200","Laptop",1,Tarjeta,Pendiente,0.0,True,54698.0
567,Visualizacion,54926.0,20260619,"U568","P201","Celular",1,Sinpe,Completado,0.0,True,54926.0
568,Devolucion,55154.0,20270910,"U569","P202","Tablet",1,Efectivo,Cancelado,0.0,True,55154.0
569,Devolucion,55382.0,20261204,"U570","P203","Audifonos",1,Tarjeta,Pendiente,0.0,True,55382.0
570,Seguimiento,55610.0,20280229,"U571","P204","Teclado",1,Sinpe,Completado,0.0,True,55610.0
571,Compra,55838.0,20270529,"U572","P205","Mouse",3,Efectivo,Cancelado,21776.82,True,189290.81
572,Compra,56066.0,20260828,"U573","P206","Monitor",1,Tarjeta,Pendiente,7288.58,True,63354.58
573,Compra,56294.0,20271129,"U574","P207","Impresora",2,Sinpe,Completado,14636.44,True,127224.44
574,Apartado,56522.0,20270304,"U575","P208","Camara",1,Efectivo,Cancelado,0.0,True,56522.0
575,Apartado,56750.0,20260609,"U576","P209","Consola",1,Tarjeta,Pendiente,0.0,True,56750.0
576,Visualizacion,56978.0,20270916,"U577","P210","Smartwatch",1,Sinpe,Completado,0.0,True,56978.0
577,Seguimiento,60258.0,20260822,"U578","P211","Bocina",1,Efectivo,Cancelado,0.0,True,60258.0
578,Seguimiento,60486.0,20271203,"U579","P212","Microfono",1,Tarjeta,Pendiente,0.0,True,60486.0
579,Compra,60714.0,20270318,"U580","P213","Router",2,Sinpe,Completado,15785.64,True,137213.64
580,Compra,60942.0,20260703,"U581","P214","DiscoDuro",3,Efectivo,Cancelado,23767.38,True,206593.38
581,Compra,61170.0,20271020,"U582","P215","SSD",1,Tarjeta,Pendiente,7952.1,True,69122.1
582,Apartado,61398.0,20270208,"U583","P216","USB",1,Sinpe,Completado,0.0,True,61398.0
583,Visualizacion,61626.0,20260601,"U584","P217","Cargador",1,Efectivo,Cancelado,0.0,True,61626.0
584,Visualizacion,61854.0,20270924,"U585","P218","Proyector",1,Tarjeta,Pendiente,0.0,True,61854.0
585,Visualizacion,62082.0,20270119,"U586","P219","TV",1,Sinpe,Completado,0.0,True,62082.0
586,Devolucion,62310.0,20260518,"U587","P220","Silla Gamer",1,Efectivo,Cancelado,0.0,True,62310.0
587,Devolucion,62538.0,20270916,"U588","P200","Laptop",1,Tarjeta,Pendiente,0.0,True,62538.0
588,Seguimiento,62766.0,20270117,"U589","P201","Celular",1,Sinpe,Completado,0.0,True,62766.0
589,Compra,62994.0,20260522,"U590","P202","Tablet",3,Efectivo,Cancelado,24567.66,True,213549.66
590,Compra,56176.0,20280101,"U591","P203","Audifonos",1,Tarjeta,Pendiente,7302.88,True,63478.88
591,Compra,56404.0,20270510,"U592","P204","Teclado",2,Sinpe,Completado,14665.04,True,127473.04
592,Apartado,56632.0,20260918,"U593","P205","Mouse",1,Efectivo,Cancelado,0.0,True,56632.0
593,Apartado,56860.0,20280129,"U594","P206","Monitor",1,Tarjeta,Pendiente,0.0,True,56860.0
594,Visualizacion,57088.0,20270613,"U595","P207","Impresora",1,Sinpe,Completado,0.0,True,57088.0
595,Devolucion,57316.0,20261028,"U596","P208","Camara",1,Efectivo,Cancelado,0.0,True,57316.0
596,Devolucion,57544.0,20280315,"U597","P209","Consola",1,Tarjeta,Pendiente,0.0,True,57544.0
597,Seguimiento,57772.0,20270804,"U598","P210","Smartwatch",1,Sinpe,Completado,0.0,True,57772.0
598,Compra,58000.0,20261225,"U599","P211","Bocina",3,Efectivo,Cancelado,22620.0,True,196620.0
599,Compra,58228.0,20260519,"U300","P212","Microfono",1,Tarjeta,Pendiente,7569.64,True,65797.64
600,Compra,58456.0,20271013,"U301","P213","Router",2,Sinpe,Completado,15198.56,True,132110.56
601,Apartado,58684.0,20270311,"U302","P214","DiscoDuro",1,Efectivo,Cancelado,0.0,True,58684.0
602,Apartado,58912.0,20260809,"U303","P215","SSD",1,Tarjeta,Pendiente,0.0,True,58912.0
603,Visualizacion,59140.0,20280109,"U304","P216","USB",1,Sinpe,Completado,0.0,True,59140.0
604,Visualizacion,59368.0,20270613,"U305","P217","Cargador",1,Efectivo,Cancelado,0.0,True,59368.0
605,Visualizacion,59596.0,20261117,"U306","P218","Proyector",1,Tarjeta,Pendiente,0.0,True,59596.0
606,Visualizacion,34002.0,20280501,"U307","P219","TV",1,Sinpe,Completado,0.0,False,34002.0
607,Seguimiento,34230.0,20271010,"U308","P220","Silla Gamer",1,Efectivo,Cancelado,0.0,False,34230.0
608,Devolucion,34458.0,20270322,"U309","P200","Laptop",1,Tarjeta,Pendiente,0.0,False,34458.0
609,Compra,34686.0,20260903,"U310","P201","Celular",2,Sinpe,Completado,9018.36,False,78390.36
610,Compra,34914.0,20280217,"U311","P202","Tablet",3,Efectivo,Cancelado,13616.46,False,118358.46
611,Compra,35142.0,20270805,"U312","P203","Audifonos",1,Tarjeta,Pendiente,4568.46,False,39710.46
612,Apartado,35370.0,20270123,"U313","P204","Teclado",1,Sinpe,Completado,0.0,False,35370.0
613,Apartado,35598.0,20260715,"U314","P205","Mouse",1,Efectivo,Cancelado,0.0,False,35598.0
614,Apartado,35826.0,20280106,"U315","P206","Monitor",1,Tarjeta,Pendiente,0.0,False,35826.0
615,Visualizacion,36054.0,20270702,"U316","P207","Impresora",1,Sinpe,Completado,0.0,False,36054.0
616,Devolucion,36282.0,20261228,"U317","P208","Camara",1,Efectivo,Cancelado,0.0,False,36282.0
617,Devolucion,36510.0,20260627,"U318","P209","Consola",1,Tarjeta,Pendiente,0.0,False,36510.0
618,Seguimiento,36738.0,20271227,"U319","P210","Smartwatch",1,Sinpe,Completado,0.0,False,36738.0
619,Compra,36966.0,20270630,"U320","P211","Bocina",3,Efectivo,Cancelado,14416.74,True,125314.74
620,Compra,37194.0,20270103,"U321","P212","Microfono",1,Tarjeta,Pendiente,4835.22,True,42029.22
621,Compra,37422.0,20260711,"U322","P213","Router",2,Sinpe,Completado,9729.72,True,84573.72
622,Apartado,37650.0,20280118,"U323","P214","DiscoDuro",1,Efectivo,Cancelado,0.0,False,37650.0
623,Apartado,37878.0,20270730,"U324","P215","SSD",1,Tarjeta,Pendiente,0.0,False,37878.0
624,Visualizacion,38106.0,20270210,"U325","P216","USB",1,Sinpe,Completado,0.0,True,38106.0
625,Compra,827.0,20260618,"U326","P217","Cargador",3,Efectivo,Cancelado,322.53,False,2803.53
626,Compra,1055.0,20280103,"U327","P218","Proyector",1,Tarjeta,Pendiente,137.15,False,1192.15
627,Compra,1283.0,20270723,"U328","P219","TV",2,Sinpe,Completado,333.58,False,2899.58
628,Apartado,1511.0,20270211,"U329","P220","Silla Gamer",1,Efectivo,Cancelado,0.0,False,1511.0
629,Apartado,1739.0,20260904,"U330","P200","Laptop",1,Tarjeta,Pendiente,0.0,False,1739.0
630,Visualizacion,1967.0,20280329,"U331","P201","Celular",1,Sinpe,Completado,0.0,False,1967.0
631,Devolucion,2195.0,20271025,"U332","P202","Tablet",1,Efectivo,Cancelado,0.0,False,2195.0
632,Devolucion,2423.0,20270524,"U333","P203","Audifonos",1,Tarjeta,Pendiente,0.0,False,2423.0
633,Seguimiento,2651.0,20261223,"U334","P204","Teclado",1,Sinpe,Completado,0.0,False,2651.0
634,Compra,2879.0,20260726,"U335","P205","Mouse",3,Efectivo,Cancelado,1122.81,False,9759.81
635,Compra,3107.0,20280228,"U336","P206","Monitor",1,Tarjeta,Pendiente,403.91,False,3510.91
636,Compra,3335.0,20271005,"U337","P207","Impresora",2,Sinpe,Completado,867.1,False,7537.1
637,Apartado,3563.0,20270514,"U338","P208","Camara",1,Efectivo,Cancelado,0.0,False,3563.0
638,Apartado,3791.0,20261223,"U339","P209","Consola",1,Tarjeta,Pendiente,0.0,False,3791.0
639,Visualizacion,4019.0,20260805,"U340","P210","Smartwatch",1,Sinpe,Completado,0.0,False,4019.0
640,Visualizacion,4247.0,20280319,"U341","P211","Bocina",1,Efectivo,Cancelado,0.0,False,4247.0
641,Visualizacion,4475.0,20271104,"U342","P212","Microfono",1,Tarjeta,Pendiente,0.0,False,4475.0
642,Devolucion,4703.0,20270623,"U343","P213","Router",1,Sinpe,Completado,0.0,False,4703.0
643,Seguimiento,4931.0,20270211,"U344","P214","DiscoDuro",1,Efectivo,Cancelado,0.0,False,4931.0
644,Seguimiento,5159.0,20261004,"U345","P215","SSD",1,Tarjeta,Pendiente,0.0,False,5159.0
645,Compra,5387.0,20260529,"U346","P216","USB",2,Sinpe,Completado,1400.62,False,12174.62
646,Compra,5615.0,20280123,"U347","P217","Cargador",3,Efectivo,Cancelado,2189.85,False,19034.85
647,Compra,5843.0,20270921,"U348","P218","Proyector",1,Tarjeta,Pendiente,759.59,False,6602.59
648,Devolucion,39642.0,20260729,"U349","P219","TV",1,Sinpe,Completado,0.0,True,39642.0
649,Seguimiento,39870.0,20280330,"U350","P220","Silla Gamer",1,Efectivo,Cancelado,0.0,True,39870.0
650,Seguimiento,40098.0,20271203,"U351","P200","Laptop",1,Tarjeta,Pendiente,0.0,True,40098.0
651,Compra,40326.0,20270809,"U352","P201","Celular",2,Sinpe,Completado,10484.76,True,91136.76
652,Compra,40554.0,20270417,"U353","P202","Tablet",3,Efectivo,Cancelado,15816.06,True,137478.06
653,Compra,40782.0,20261226,"U354","P203","Audifonos",1,Tarjeta,Pendiente,5301.66,True,46083.66
654,Apartado,41010.0,20260907,"U355","P204","Teclado",1,Sinpe,Completado,0.0,True,41010.0
655,Apartado,41238.0,20260522,"U356","P205","Mouse",1,Efectivo,Cancelado,0.0,True,41238.0
656,Apartado,41466.0,20280205,"U357","P206","Monitor",1,Tarjeta,Pendiente,0.0,True,41466.0
657,Visualizacion,41694.0,20271024,"U358","P207","Impresora",1,Sinpe,Completado,0.0,True,41694.0
658,Devolucion,41922.0,20270714,"U359","P208","Camara",1,Efectivo,Cancelado,0.0,True,41922.0
659,Devolucion,32877.0,20271105,"U360","P209","Consola",1,Tarjeta,Pendiente,0.0,False,32877.0
660,Seguimiento,33105.0,20270730,"U361","P210","Smartwatch",1,Sinpe,Completado,0.0,False,33105.0
661,Compra,33333.0,20270425,"U362","P211","Bocina",3,Efectivo,Cancelado,12999.87,False,112998.87
662,Compra,33561.0,20270121,"U363","P212","Microfono",1,Tarjeta,Pendiente,4362.93,False,37923.93
663,Compra,33789.0,20261021,"U364","P213","Router",2,Sinpe,Completado,8785.14,False,76363.14
664,Apartado,34017.0,20260723,"U365","P214","DiscoDuro",1,Efectivo,Cancelado,0.0,False,34017.0
665,Apartado,34245.0,20280425,"U366","P215","SSD",1,Tarjeta,Pendiente,0.0,False,34245.0
666,Visualizacion,34473.0,20280130,"U367","P216","USB",1,Sinpe,Completado,0.0,False,34473.0
667,Devolucion,34701.0,20271107,"U368","P217","Cargador",1,Efectivo,Cancelado,0.0,False,34701.0
668,Devolucion,34929.0,20270817,"U369","P218","Proyector",1,Tarjeta,Pendiente,0.0,False,34929.0
669,Seguimiento,35157.0,20270529,"U370","P219","TV",1,Sinpe,Completado,0.0,False,35157.0
670,Compra,35385.0,20270312,"U371","P220","Silla Gamer",3,Efectivo,Cancelado,13800.15,False,119955.15
671,Compra,35613.0,20261226,"U372","P200","Laptop",1,Tarjeta,Pendiente,4629.69,False,40242.69
672,Seguimiento,33578.0,20261231,"U373","P201","Celular",1,Sinpe,Completado,0.0,False,33578.0
673,Compra,33806.0,20261020,"U374","P202","Tablet",3,Efectivo,Cancelado,13184.34,False,114602.34
674,Compra,34034.0,20260811,"U375","P203","Audifonos",1,Tarjeta,Pendiente,4424.42,False,38458.42
675,Compra,34262.0,20260604,"U376","P204","Teclado",2,Sinpe,Completado,8908.12,False,77432.12
676,Apartado,34490.0,20280329,"U377","P205","Mouse",1,Efectivo,Cancelado,0.0,False,34490.0
677,Apartado,34718.0,20280125,"U378","P206","Monitor",1,Tarjeta,Pendiente,0.0,False,34718.0
678,Apartado,34946.0,20271124,"U379","P207","Impresora",1,Sinpe,Completado,0.0,False,34946.0
679,Visualizacion,35174.0,20270925,"U380","P208","Camara",1,Efectivo,Cancelado,0.0,False,35174.0
680,Visualizacion,35402.0,20270729,"U381","P209","Consola",1,Tarjeta,Pendiente,0.0,False,35402.0
681,Devolucion,35630.0,20270603,"U382","P210","Smartwatch",1,Sinpe,Completado,0.0,False,35630.0
682,Seguimiento,35858.0,20270410,"U383","P211","Bocina",1,Efectivo,Cancelado,0.0,False,35858.0
683,Seguimiento,36086.0,20270217,"U384","P212","Microfono",1,Tarjeta,Pendiente,0.0,False,36086.0
684,Compra,36314.0,20261229,"U385","P213","Router",2,Sinpe,Completado,9441.64,False,82069.64
685,Compra,36542.0,20261111,"U386","P214","DiscoDuro",3,Efectivo,Cancelado,14251.38,False,123877.38
686,Compra,36770.0,20260926,"U387","P215","SSD",1,Tarjeta,Pendiente,4780.1,True,41550.1
687,Apartado,36998.0,20260813,"U388","P216","USB",1,Sinpe,Completado,0.0,False,36998.0
688,Apartado,25996.0,20280415,"U389","P217","Cargador",1,Efectivo,Cancelado,0.0,False,25996.0
689,Apartado,26224.0,20280306,"U390","P218","Proyector",1,Tarjeta,Pendiente,0.0,False,26224.0
690,Visualizacion,26452.0,20280128,"U391","P219","TV",1,Sinpe,Completado,0.0,False,26452.0
691,Devolucion,26680.0,20271223,"U392","P220","Silla Gamer",1,Efectivo,Cancelado,0.0,False,26680.0
692,Devolucion,26908.0,20271119,"U393","P200","Laptop",1,Tarjeta,Pendiente,0.0,False,26908.0
693,Seguimiento,27136.0,20271018,"U394","P201","Celular",1,Sinpe,Completado,0.0,False,27136.0
694,Compra,27364.0,20270918,"U395","P202","Tablet",3,Efectivo,Cancelado,10671.96,False,92763.96
695,Compra,27592.0,20270821,"U396","P203","Audifonos",1,Tarjeta,Pendiente,3586.96,False,31178.96
696,Compra,27820.0,20270726,"U397","P204","Teclado",2,Sinpe,Completado,7233.2,False,62873.2
697,Apartado,28048.0,20270702,"U398","P205","Mouse",1,Efectivo,Cancelado,0.0,False,28048.0
698,Apartado,28276.0,20270610,"U399","P206","Monitor",1,Tarjeta,Pendiente,0.0,False,28276.0
699,Visualizacion,28504.0,20270521,"U400","P207","Impresora",1,Sinpe,Completado,0.0,False,28504.0
700,Devolucion,28732.0,20270503,"U401","P208","Camara",1,Efectivo,Cancelado,0.0,False,28732.0
701,Devolucion,28960.0,20270417,"U402","P209","Consola",1,Tarjeta,Pendiente,0.0,False,28960.0
702,Seguimiento,29188.0,20270403,"U403","P210","Smartwatch",1,Sinpe,Completado,0.0,False,29188.0
703,Compra,29416.0,20270322,"U404","P211","Bocina",3,Efectivo,Cancelado,11472.24,False,99720.24
704,Compra,29644.0,20270312,"U405","P212","Microfono",1,Tarjeta,Pendiente,3853.72,False,33497.72
705,Compra,29872.0,20270304,"U406","P213","Router",2,Sinpe,Completado,7766.72,False,67510.72
706,Apartado,30100.0,20270226,"U407","P214","DiscoDuro",1,Efectivo,Cancelado,0.0,False,30100.0
707,Devolucion,22467.0,20271213,"U408","P215","SSD",1,Tarjeta,Pendiente,0.0,False,22467.0
708,Seguimiento,22695.0,20271211,"U409","P216","USB",1,Sinpe,Completado,0.0,False,22695.0
709,Compra,22923.0,20271211,"U410","P217","Cargador",3,Efectivo,Cancelado,8939.97,False,77708.97
710,Compra,23151.0,20271213,"U411","P218","Proyector",1,Tarjeta,Pendiente,3009.63,False,26160.63
711,Compra,23379.0,20271217,"U412","P219","TV",2,Sinpe,Completado,6078.54,False,52836.54
712,Apartado,23607.0,20271223,"U413","P220","Silla Gamer",1,Efectivo,Cancelado,0.0,False,23607.0
713,Apartado,23835.0,20271231,"U414","P200","Laptop",1,Tarjeta,Pendiente,0.0,False,23835.0
714,Visualizacion,24063.0,20280110,"U415","P201","Celular",1,Sinpe,Completado,0.0,False,24063.0
715,Devolucion,24291.0,20280122,"U416","P202","Tablet",1,Efectivo,Cancelado,0.0,False,24291.0
716,Visualizacion,24519.0,20280205,"U417","P203","Audifonos",1,Tarjeta,Pendiente,0.0,False,24519.0
717,Seguimiento,24747.0,20280221,"U418","P204","Teclado",1,Sinpe,Completado,0.0,False,24747.0
718,Compra,24975.0,20280310,"U419","P205","Mouse",3,Efectivo,Cancelado,9740.25,False,84665.25
719,Compra,25203.0,20280330,"U420","P206","Monitor",1,Tarjeta,Pendiente,3276.39,False,28479.39
720,Compra,25431.0,20280421,"U421","P207","Impresora",2,Sinpe,Completado,6612.06,False,57474.06
721,Apartado,25659.0,20260516,"U422","P208","Camara",1,Efectivo,Cancelado,0.0,False,25659.0
722,Apartado,25887.0,20260611,"U423","P209","Consola",1,Tarjeta,Pendiente,0.0,False,25887.0
723,Apartado,26115.0,20260709,"U424","P210","Smartwatch",1,Sinpe,Completado,0.0,False,26115.0
724,Visualizacion,26343.0,20260808,"U425","P211","Bocina",1,Efectivo,Cancelado,0.0,False,26343.0
725,Visualizacion,26571.0,20260909,"U426","P212","Microfono",1,Tarjeta,Pendiente,0.0,False,26571.0
726,Devolucion,26799.0,20261013,"U427","P213","Router",1,Sinpe,Completado,0.0,False,26799.0
727,Seguimiento,27027.0,20261118,"U428","P214","DiscoDuro",1,Efectivo,Cancelado,0.0,False,27027.0
728,Seguimiento,27255.0,20261226,"U429","P215","SSD",1,Tarjeta,Pendiente,0.0,False,27255.0
729,Compra,27483.0,20270204,"U430","P216","USB",2,Sinpe,Completado,7145.58,False,62111.58
730,Apartado,70195.0,20280117,"U431","P217","Cargador",1,Efectivo,Cancelado,0.0,True,70195.0
731,Apartado,70423.0,20280301,"U432","P218","Proyector",1,Tarjeta,Pendiente,0.0,True,70423.0
732,Apartado,70651.0,20280416,"U433","P219","TV",1,Sinpe,Completado,0.0,True,70651.0
733,Visualizacion,70879.0,20260604,"U434","P220","Silla Gamer",1,Efectivo,Cancelado,0.0,True,70879.0
734,Visualizacion,71107.0,20260724,"U435","P200","Laptop",1,Tarjeta,Pendiente,0.0,True,71107.0
735,Devolucion,71335.0,20260914,"U436","P201","Celular",1,Sinpe,Completado,0.0,True,71335.0
736,Seguimiento,71563.0,20261107,"U437","P202","Tablet",1,Efectivo,Cancelado,0.0,True,71563.0
737,Seguimiento,71791.0,20270102,"U438","P203","Audifonos",1,Tarjeta,Pendiente,0.0,True,71791.0
738,Compra,72019.0,20270301,"U439","P204","Teclado",2,Sinpe,Completado,18724.94,True,162762.94
739,Compra,72247.0,20270430,"U440","P205","Mouse",3,Efectivo,Cancelado,28176.33,True,244917.31
740,Compra,72475.0,20270701,"U441","P206","Monitor",1,Tarjeta,Pendiente,9421.75,True,81896.75
741,Apartado,72703.0,20270903,"U442","P207","Impresora",1,Sinpe,Completado,0.0,True,72703.0
742,Visualizacion,61169.0,20260504,"U443","P208","Camara",1,Efectivo,Cancelado,0.0,True,61169.0
743,Visualizacion,61397.0,20260711,"U444","P209","Consola",1,Tarjeta,Pendiente,0.0,True,61397.0
744,Devolucion,61625.0,20260919,"U445","P210","Smartwatch",1,Sinpe,Completado,0.0,True,61625.0
745,Seguimiento,61853.0,20261130,"U446","P211","Bocina",1,Efectivo,Cancelado,0.0,True,61853.0
746,Seguimiento,62081.0,20270212,"U447","P212","Microfono",1,Tarjeta,Pendiente,0.0,True,62081.0
747,Compra,62309.0,20270429,"U448","P213","Router",2,Sinpe,Completado,16200.34,True,140818.34
748,Compra,62537.0,20270716,"U449","P214","DiscoDuro",3,Efectivo,Cancelado,24389.43,True,212000.44
749,Compra,62784.0,20271004,"U450","P215","SSD",1,Tarjeta,Pendiente,8161.92,True,70945.92
750,Apartado,63012.0,20280111,"U451","P216","USB",1,Sinpe,Completado,0.0,True,63012.0
751,Visualizacion,63240.0,20280404,"U452","P217","Cargador",1,Efectivo,Cancelado,0.0,True,63240.0
752,Visualizacion,63468.0,20260630,"U453","P218","Proyector",1,Tarjeta,Pendiente,0.0,True,63468.0
753,Devolucion,63696.0,20260926,"U454","P219","TV",1,Sinpe,Completado,0.0,True,63696.0
754,Seguimiento,63924.0,20261225,"U455","P220","Silla Gamer",1,Efectivo,Cancelado,0.0,True,63924.0
755,Seguimiento,64152.0,20270327,"U456","P200","Laptop",1,Tarjeta,Pendiente,0.0,True,64152.0
756,Compra,41691.0,20261215,"U457","P201","Celular",2,Sinpe,Completado,10839.66,True,94221.66
757,Apartado,41938.0,20270407,"U458","P202","Tablet",1,Efectivo,Cancelado,0.0,True,41938.0
758,Apartado,42166.0,20270714,"U459","P203","Audifonos",1,Tarjeta,Pendiente,0.0,True,42166.0
759,Apartado,42394.0,20271022,"U460","P204","Teclado",1,Sinpe,Completado,0.0,True,42394.0
760,Visualizacion,42622.0,20280201,"U461","P205","Mouse",1,Efectivo,Cancelado,0.0,True,42622.0
761,Visualizacion,42850.0,20260516,"U462","P206","Monitor",1,Tarjeta,Pendiente,0.0,True,42850.0
762,Devolucion,43078.0,20260830,"U463","P207","Impresora",1,Sinpe,Completado,0.0,True,43078.0
763,Seguimiento,43306.0,20261216,"U464","P208","Camara",1,Efectivo,Cancelado,0.0,True,43306.0
764,Seguimiento,43534.0,20270405,"U465","P209","Consola",1,Tarjeta,Pendiente,0.0,True,43534.0
765,Compra,43762.0,20270726,"U466","P210","Smartwatch",2,Sinpe,Completado,11378.12,True,98902.12
766,Compra,43990.0,20271117,"U467","P211","Bocina",3,Efectivo,Cancelado,17156.1,True,149126.1
767,Compra,44218.0,20280312,"U468","P212","Microfono",1,Tarjeta,Pendiente,5748.34,True,49966.34
768,Apartado,44446.0,20260709,"U469","P213","Router",1,Sinpe,Completado,0.0,True,44446.0
769,Visualizacion,44674.0,20261106,"U470","P214","DiscoDuro",1,Efectivo,Cancelado,0.0,True,44674.0
770,Visualizacion,44902.0,20270308,"U471","P215","SSD",1,Tarjeta,Pendiente,0.0,True,44902.0
771,Devolucion,45130.0,20270710,"U472","P216","USB",1,Sinpe,Completado,0.0,True,45130.0
772,Seguimiento,45358.0,20271113,"U473","P217","Cargador",1,Efectivo,Cancelado,0.0,True,45358.0
773,Compra,32741.0,20280118,"U474","P218","Proyector",1,Tarjeta,Pendiente,4256.33,False,36997.33
774,Apartado,32969.0,20260528,"U475","P219","TV",1,Sinpe,Completado,0.0,False,32969.0
775,Visualizacion,33197.0,20261007,"U476","P220","Silla Gamer",1,Efectivo,Cancelado,0.0,False,33197.0
776,Visualizacion,33425.0,20270218,"U477","P200","Laptop",1,Tarjeta,Pendiente,0.0,False,33425.0
777,Visualizacion,33653.0,20270704,"U478","P201","Celular",1,Sinpe,Completado,0.0,False,33653.0
778,Devolucion,33881.0,20271119,"U479","P202","Tablet",1,Efectivo,Cancelado,0.0,False,33881.0
779,Devolucion,34109.0,20280407,"U480","P203","Audifonos",1,Tarjeta,Pendiente,0.0,False,34109.0
780,Seguimiento,34337.0,20260828,"U481","P204","Teclado",1,Sinpe,Completado,0.0,False,34337.0
781,Compra,34565.0,20270119,"U482","P205","Mouse",3,Efectivo,Cancelado,13480.35,False,117175.35
782,Compra,34793.0,20270614,"U483","P206","Monitor",1,Tarjeta,Pendiente,4523.09,False,39316.09
783,Compra,35021.0,20271109,"U484","P207","Impresora",2,Sinpe,Completado,9105.46,False,79147.46
784,Apartado,35249.0,20280407,"U485","P208","Camara",1,Efectivo,Cancelado,0.0,False,35249.0
785,Apartado,35477.0,20260907,"U486","P209","Consola",1,Tarjeta,Pendiente,0.0,False,35477.0
786,Visualizacion,35705.0,20270208,"U487","P210","Smartwatch",1,Sinpe,Completado,0.0,False,35705.0
787,Devolucion,35933.0,20270714,"U488","P211","Bocina",1,Efectivo,Cancelado,0.0,False,35933.0
788,Devolucion,36161.0,20271219,"U489","P212","Microfono",1,Tarjeta,Pendiente,0.0,False,36161.0
789,Seguimiento,36389.0,20260528,"U490","P213","Router",1,Sinpe,Completado,0.0,False,36389.0
790,Compra,36617.0,20261106,"U491","P214","DiscoDuro",3,Efectivo,Cancelado,14280.63,False,124131.63
791,Compra,36845.0,20270419,"U492","P215","SSD",1,Tarjeta,Pendiente,4789.85,True,41634.85
792,Compra,37073.0,20271002,"U493","P216","USB",2,Sinpe,Completado,9638.98,True,83784.98
793,Seguimiento,20124.0,20270604,"U494","P217","Cargador",1,Efectivo,Cancelado,0.0,False,20124.0
794,Seguimiento,20352.0,20271121,"U495","P218","Proyector",1,Tarjeta,Pendiente,0.0,False,20352.0
795,Compra,20580.0,20260512,"U496","P219","TV",2,Sinpe,Completado,5350.8,False,46510.8
796,Compra,20808.0,20261102,"U497","P220","Silla Gamer",3,Efectivo,Cancelado,8115.12,False,70539.12
797,Compra,21036.0,20270427,"U498","P200","Laptop",1,Tarjeta,Pendiente,2734.68,False,23770.68
798,Apartado,21264.0,20271022,"U499","P201","Celular",1,Sinpe,Completado,0.0,False,21264.0
799,Visualizacion,21492.0,20280419,"U500","P202","Tablet",1,Efectivo,Cancelado,0.0,False,21492.0
800,Visualizacion,21720.0,20261019,"U501","P203","Audifonos",1,Tarjeta,Pendiente,0.0,False,21720.0
801,Visualizacion,21948.0,20270421,"U502","P204","Teclado",1,Sinpe,Completado,0.0,False,21948.0
802,Devolucion,22176.0,20271024,"U503","P205","Mouse",1,Efectivo,Cancelado,0.0,False,22176.0
803,Devolucion,22404.0,20280429,"U504","P206","Monitor",1,Tarjeta,Pendiente,0.0,False,22404.0
804,Seguimiento,22632.0,20261106,"U505","P207","Impresora",1,Sinpe,Completado,0.0,False,22632.0
805,Compra,22860.0,20270517,"U506","P208","Camara",3,Efectivo,Cancelado,8915.4,False,77495.4
806,Compra,23088.0,20271127,"U507","P209","Consola",1,Tarjeta,Pendiente,3001.44,False,26089.44
807,Compra,23316.0,20260611,"U508","P210","Smartwatch",2,Sinpe,Completado,6062.16,False,52694.16
808,Apartado,23544.0,20261226,"U509","P211","Bocina",1,Efectivo,Cancelado,0.0,False,23544.0
809,Apartado,23772.0,20270714,"U510","P212","Microfono",1,Tarjeta,Pendiente,0.0,False,23772.0
810,Visualizacion,24000.0,20280201,"U511","P213","Router",1,Sinpe,Completado,0.0,False,24000.0
811,Devolucion,24228.0,20260824,"U512","P214","DiscoDuro",1,Efectivo,Cancelado,0.0,False,24228.0
812,Devolucion,24456.0,20270318,"U513","P215","SSD",1,Tarjeta,Pendiente,0.0,False,24456.0
813,Seguimiento,24684.0,20271012,"U514","P216","USB",1,Sinpe,Completado,0.0,False,24684.0
814,Compra,24912.0,20260510,"U515","P217","Cargador",3,Efectivo,Cancelado,9715.68,False,84451.68
815,Compra,25140.0,20261208,"U516","P218","Proyector",1,Tarjeta,Pendiente,3268.2,False,28408.2
816,Compra,25368.0,20270710,"U517","P219","TV",2,Sinpe,Completado,6595.68,False,57331.68
817,Compra,53428.0,20260720,"U518","P220","Silla Gamer",3,Efectivo,Cancelado,20836.92,True,181120.92
818,Compra,53656.0,20270223,"U519","P200","Laptop",1,Tarjeta,Pendiente,6975.28,True,60631.28
819,Apartado,53884.0,20271001,"U520","P201","Celular",1,Sinpe,Completado,0.0,True,53884.0
820,Visualizacion,54112.0,20260511,"U521","P202","Tablet",1,Efectivo,Cancelado,0.0,True,54112.0
821,Visualizacion,54340.0,20261221,"U522","P203","Audifonos",1,Tarjeta,Pendiente,0.0,True,54340.0
822,Visualizacion,54568.0,20270804,"U523","P204","Teclado",1,Sinpe,Completado,0.0,True,54568.0
823,Devolucion,54796.0,20280319,"U524","P205","Mouse",1,Efectivo,Cancelado,0.0,True,54796.0
824,Devolucion,55024.0,20261105,"U525","P206","Monitor",1,Tarjeta,Pendiente,0.0,True,55024.0
825,Seguimiento,55252.0,20270625,"U526","P207","Impresora",1,Sinpe,Completado,0.0,True,55252.0
826,Compra,55480.0,20280214,"U527","P208","Camara",3,Efectivo,Cancelado,21637.2,True,188077.2
827,Compra,55708.0,20261008,"U528","P209","Consola",1,Tarjeta,Pendiente,7242.04,True,62950.04
828,Compra,55936.0,20270603,"U529","P210","Smartwatch",2,Sinpe,Completado,14543.36,True,126415.36
829,Apartado,56164.0,20280129,"U530","P211","Bocina",1,Efectivo,Cancelado,0.0,True,56164.0
830,Apartado,59108.0,20280412,"U531","P212","Microfono",1,Tarjeta,Pendiente,0.0,True,59108.0
831,Visualizacion,59336.0,20261213,"U532","P213","Router",1,Sinpe,Completado,0.0,True,59336.0
832,Visualizacion,59564.0,20270816,"U533","P214","DiscoDuro",1,Efectivo,Cancelado,0.0,True,59564.0
833,Visualizacion,59792.0,20280420,"U534","P215","SSD",1,Tarjeta,Pendiente,0.0,True,59792.0
834,Devolucion,60020.0,20261227,"U535","P216","USB",1,Sinpe,Completado,0.0,True,60020.0
835,Seguimiento,60248.0,20270905,"U536","P217","Cargador",1,Efectivo,Cancelado,0.0,True,60248.0
836,Seguimiento,60476.0,20260517,"U537","P218","Proyector",1,Tarjeta,Pendiente,0.0,True,60476.0
837,Compra,60704.0,20270128,"U538","P219","TV",2,Sinpe,Completado,15783.04,True,137191.05
838,Apartado,60932.0,20271013,"U539","P220","Silla Gamer",1,Efectivo,Cancelado,0.0,True,60932.0
839,Compra,61160.0,20260630,"U540","P200","Laptop",1,Tarjeta,Pendiente,7950.8,True,69110.8
840,Apartado,61388.0,20270319,"U541","P201","Celular",1,Sinpe,Completado,0.0,True,61388.0
841,Visualizacion,61616.0,20271208,"U542","P202","Tablet",1,Efectivo,Cancelado,0.0,True,61616.0
842,Visualizacion,61844.0,20260831,"U543","P203","Audifonos",1,Tarjeta,Pendiente,0.0,True,61844.0
843,Devolucion,62072.0,20270526,"U544","P204","Teclado",1,Sinpe,Completado,0.0,True,62072.0
844,Seguimiento,62300.0,20280220,"U545","P205","Mouse",1,Efectivo,Cancelado,0.0,True,62300.0
845,Seguimiento,62528.0,20261119,"U546","P206","Monitor",1,Tarjeta,Pendiente,0.0,True,62528.0
846,Compra,21959.0,20270329,"U547","P207","Impresora",2,Sinpe,Completado,5709.34,False,49627.34
847,Apartado,22187.0,20271230,"U548","P208","Camara",1,Efectivo,Cancelado,0.0,False,22187.0
848,Apartado,22415.0,20261004,"U549","P209","Consola",1,Tarjeta,Pendiente,0.0,False,22415.0
849,Apartado,22643.0,20270711,"U550","P210","Smartwatch",1,Sinpe,Completado,0.0,False,22643.0
850,Visualizacion,22871.0,20280418,"U551","P211","Bocina",1,Efectivo,Cancelado,0.0,False,22871.0
851,Visualizacion,23099.0,20270128,"U552","P212","Microfono",1,Tarjeta,Pendiente,0.0,False,23099.0
852,Devolucion,23327.0,20271110,"U553","P213","Router",1,Sinpe,Completado,0.0,False,23327.0
853,Seguimiento,23555.0,20260825,"U554","P214","DiscoDuro",1,Efectivo,Cancelado,0.0,False,23555.0
854,Seguimiento,23783.0,20270611,"U555","P215","SSD",1,Tarjeta,Pendiente,0.0,False,23783.0
855,Compra,24011.0,20280329,"U556","P216","USB",2,Sinpe,Completado,6242.86,False,54264.86
856,Compra,24239.0,20270118,"U557","P217","Cargador",3,Efectivo,Cancelado,9453.21,False,82170.21
857,Compra,24467.0,20271110,"U558","P218","Proyector",1,Tarjeta,Pendiente,3180.71,False,27647.71
858,Apartado,24695.0,20260904,"U559","P219","TV",1,Sinpe,Completado,0.0,False,24695.0
859,Visualizacion,24923.0,20270701,"U560","P220","Silla Gamer",1,Efectivo,Cancelado,0.0,False,24923.0
860,Visualizacion,25151.0,20280428,"U561","P200","Laptop",1,Tarjeta,Pendiente,0.0,False,25151.0
861,Devolucion,25379.0,20270227,"U562","P201","Celular",1,Sinpe,Completado,0.0,False,25379.0
862,Seguimiento,25607.0,20271230,"U563","P202","Tablet",1,Efectivo,Cancelado,0.0,False,25607.0
863,Seguimiento,25835.0,20261103,"U564","P203","Audifonos",1,Tarjeta,Pendiente,0.0,False,25835.0
864,Compra,26063.0,20270909,"U565","P204","Teclado",2,Sinpe,Completado,6776.38,False,58902.38
865,Visualizacion,37195.0,20270114,"U566","P205","Mouse",1,Efectivo,Cancelado,0.0,False,37195.0
866,Visualizacion,37423.0,20271124,"U567","P206","Monitor",1,Tarjeta,Pendiente,0.0,False,37423.0
867,Devolucion,37651.0,20261006,"U568","P207","Impresora",1,Sinpe,Completado,0.0,True,37651.0
868,Seguimiento,37879.0,20270820,"U569","P208","Camara",1,Efectivo,Cancelado,0.0,False,37879.0
869,Seguimiento,38107.0,20260706,"U570","P209","Consola",1,Tarjeta,Pendiente,0.0,False,38107.0
870,Compra,38335.0,20270524,"U571","P210","Smartwatch",2,Sinpe,Completado,9967.1,True,86637.1
871,Apartado,38563.0,20280412,"U572","P211","Bocina",1,Efectivo,Cancelado,0.0,False,38563.0
872,Compra,38791.0,20270305,"U573","P212","Microfono",1,Tarjeta,Pendiente,5042.83,True,43833.83
873,Apartado,39019.0,20280127,"U574","P213","Router",1,Sinpe,Completado,0.0,True,39019.0
874,Visualizacion,39247.0,20261223,"U575","P214","DiscoDuro",1,Efectivo,Cancelado,0.0,True,39247.0
875,Visualizacion,39475.0,20271120,"U576","P215","SSD",1,Tarjeta,Pendiente,0.0,True,39475.0
876,Devolucion,39703.0,20261020,"U577","P216","USB",1,Sinpe,Completado,0.0,True,39703.0
877,Seguimiento,39931.0,20270921,"U578","P217","Cargador",1,Efectivo,Cancelado,0.0,True,39931.0
878,Seguimiento,40159.0,20260825,"U579","P218","Proyector",1,Tarjeta,Pendiente,0.0,True,40159.0
879,Compra,40387.0,20270731,"U580","P219","TV",2,Sinpe,Completado,10500.62,True,91274.62
880,Compra,40615.0,20260708,"U581","P220","Silla Gamer",3,Efectivo,Cancelado,15839.85,True,137684.84
881,Compra,40843.0,20270617,"U582","P200","Laptop",1,Tarjeta,Pendiente,5309.59,True,46152.59
882,Apartado,41071.0,20260529,"U583","P201","Celular",1,Sinpe,Completado,0.0,True,41071.0
883,Visualizacion,41299.0,20270512,"U584","P202","Tablet",1,Efectivo,Cancelado,0.0,True,41299.0
884,Visualizacion,41527.0,20280426,"U585","P203","Audifonos",1,Tarjeta,Pendiente,0.0,True,41527.0
885,Visualizacion,41755.0,20270414,"U586","P204","Teclado",1,Sinpe,Completado,0.0,True,41755.0
886,Seguimiento,41983.0,20280402,"U587","P205","Mouse",1,Efectivo,Cancelado,0.0,True,41983.0
887,Devolucion,42211.0,20270325,"U588","P206","Monitor",1,Tarjeta,Pendiente,0.0,True,42211.0
888,Apartado,20094.0,20261002,"U589","P207","Impresora",1,Sinpe,Completado,0.0,False,20094.0
889,Visualizacion,20322.0,20270927,"U590","P208","Camara",1,Efectivo,Cancelado,0.0,False,20322.0
890,Visualizacion,20550.0,20260924,"U591","P209","Consola",1,Tarjeta,Pendiente,0.0,False,20550.0
891,Visualizacion,20778.0,20270923,"U592","P210","Smartwatch",1,Sinpe,Completado,0.0,False,20778.0
892,Devolucion,21006.0,20260924,"U593","P211","Bocina",1,Efectivo,Cancelado,0.0,False,21006.0
893,Devolucion,21234.0,20270927,"U594","P212","Microfono",1,Tarjeta,Pendiente,0.0,False,21234.0
894,Seguimiento,21462.0,20261002,"U595","P213","Router",1,Sinpe,Completado,0.0,False,21462.0
895,Compra,21690.0,20271009,"U596","P214","DiscoDuro",3,Efectivo,Cancelado,0.0,False,0.0
896,Compra,21918.0,20261018,"U597","P215","SSD",1,Tarjeta,Pendiente,0.0,False,0.0
897,Compra,22146.0,20271029,"U598","P216","USB",2,Sinpe,Completado,0.0,False,0.0
898,Apartado,22374.0,20261111,"U599","P217","Cargador",1,Efectivo,Cancelado,0.0,False,22374.0
899,Apartado,1353.0,20261110,"U300","P218","Proyector",1,Tarjeta,Pendiente,0.0,False,1353.0
900,Apartado,1581.0,20271127,"U301","P219","TV",1,Sinpe,Completado,0.0,False,1581.0
901,Visualizacion,1809.0,20261216,"U302","P220","Silla Gamer",1,Efectivo,Cancelado,0.0,False,1809.0
902,Visualizacion,2037.0,20280106,"U303","P200","Laptop",1,Tarjeta,Pendiente,0.0,False,2037.0
903,Devolucion,2265.0,20270129,"U304","P201","Celular",1,Sinpe,Completado,0.0,False,2265.0
904,Seguimiento,2493.0,20280223,"U305","P202","Tablet",1,Efectivo,Cancelado,0.0,False,2493.0
905,Seguimiento,2721.0,20270322,"U306","P203","Audifonos",1,Tarjeta,Pendiente,0.0,False,2721.0
906,Compra,2949.0,20280419,"U307","P204","Teclado",2,Sinpe,Completado,0.0,False,0.0
907,Compra,3177.0,20270521,"U308","P205","Mouse",3,Efectivo,Cancelado,0.0,False,0.0
908,Compra,3405.0,20260623,"U309","P206","Monitor",1,Tarjeta,Pendiente,0.0,False,0.0
909,Apartado,3633.0,20270728,"U310","P207","Impresora",1,Sinpe,Completado,0.0,False,3633.0
910,Visualizacion,3861.0,20260903,"U311","P208","Camara",1,Efectivo,Cancelado,0.0,False,3861.0
911,Visualizacion,4089.0,20271012,"U312","P209","Consola",1,Tarjeta,Pendiente,0.0,False,4089.0
912,Seguimiento,66485.0,20270718,"U313","P210","Smartwatch",1,Sinpe,Completado,0.0,False,66485.0
913,Compra,66713.0,20260830,"U314","P211","Bocina",3,Efectivo,Cancelado,0.0,False,0.0
914,Compra,66941.0,20271014,"U315","P212","Microfono",1,Tarjeta,Pendiente,0.0,False,0.0
915,Compra,67169.0,20261130,"U316","P213","Router",2,Sinpe,Completado,0.0,False,0.0
916,Apartado,67397.0,20280118,"U317","P214","DiscoDuro",1,Efectivo,Cancelado,0.0,False,67397.0
917,Apartado,67625.0,20270310,"U318","P215","SSD",1,Tarjeta,Pendiente,0.0,False,67625.0
918,Apartado,67853.0,20280501,"U319","P216","USB",1,Sinpe,Completado,0.0,False,67853.0
919,Visualizacion,68081.0,20270626,"U320","P217","Cargador",1,Efectivo,Cancelado,0.0,False,68081.0
920,Visualizacion,68309.0,20260822,"U321","P218","Proyector",1,Tarjeta,Pendiente,0.0,False,68309.0
921,Devolucion,68537.0,20271020,"U322","P219","TV",1,Sinpe,Completado,0.0,False,68537.0
922,Seguimiento,68765.0,20261220,"U323","P220","Silla Gamer",1,Efectivo,Cancelado,0.0,False,68765.0
923,Seguimiento,68993.0,20280221,"U324","P200","Laptop",1,Tarjeta,Pendiente,0.0,False,68993.0
924,Compra,69221.0,20270427,"U325","P201","Celular",2,Sinpe,Completado,0.0,False,0.0
925,Compra,69449.0,20260703,"U326","P202","Tablet",3,Efectivo,Cancelado,0.0,False,0.0
926,Compra,69677.0,20270910,"U327","P203","Audifonos",1,Tarjeta,Pendiente,0.0,False,0.0
927,Apartado,69905.0,20261120,"U328","P204","Teclado",1,Sinpe,Completado,0.0,False,69905.0
928,Visualizacion,29109.0,20270623,"U329","P205","Mouse",1,Efectivo,Cancelado,0.0,False,29109.0
929,Visualizacion,29337.0,20260906,"U330","P206","Monitor",1,Tarjeta,Pendiente,0.0,False,29337.0
930,Devolucion,29565.0,20271122,"U331","P207","Impresora",1,Sinpe,Completado,0.0,False,29565.0
931,Compra,29793.0,20270209,"U332","P208","Camara",3,Efectivo,Cancelado,0.0,False,0.0
932,Seguimiento,30021.0,20280430,"U333","P209","Consola",1,Tarjeta,Pendiente,0.0,False,30021.0
933,Compra,30249.0,20270723,"U334","P210","Smartwatch",2,Sinpe,Completado,0.0,False,0.0
934,Apartado,30477.0,20261016,"U335","P211","Bocina",1,Efectivo,Cancelado,0.0,False,30477.0
935,Apartado,30705.0,20280111,"U336","P212","Microfono",1,Tarjeta,Pendiente,0.0,False,30705.0
936,Apartado,30933.0,20270410,"U337","P213","Router",1,Sinpe,Completado,0.0,False,30933.0
937,Visualizacion,31161.0,20260710,"U338","P214","DiscoDuro",1,Efectivo,Cancelado,0.0,False,31161.0
938,Visualizacion,31389.0,20271011,"U339","P215","SSD",1,Tarjeta,Pendiente,0.0,False,31389.0
939,Devolucion,31617.0,20270114,"U340","P216","USB",1,Sinpe,Completado,0.0,False,31617.0
940,Seguimiento,31845.0,20280420,"U341","P217","Cargador",1,Efectivo,Cancelado,0.0,False,31845.0
941,Seguimiento,32073.0,20270729,"U342","P218","Proyector",1,Tarjeta,Pendiente,0.0,False,32073.0
942,Compra,32301.0,20261107,"U343","P219","TV",2,Sinpe,Completado,0.0,False,0.0
943,Compra,32529.0,20280218,"U344","P220","Silla Gamer",3,Efectivo,Cancelado,0.0,False,0.0
944,Compra,32757.0,20270603,"U345","P200","Laptop",1,Tarjeta,Pendiente,0.0,False,0.0
945,Apartado,32985.0,20260918,"U346","P201","Celular",1,Sinpe,Completado,0.0,False,32985.0
946,Visualizacion,33213.0,20280105,"U347","P202","Tablet",1,Efectivo,Cancelado,0.0,False,33213.0
947,Visualizacion,11263.0,20271018,"U348","P203","Audifonos",1,Tarjeta,Pendiente,0.0,False,11263.0
948,Devolucion,11491.0,20270208,"U349","P204","Teclado",1,Sinpe,Completado,0.0,False,11491.0
949,Compra,11719.0,20260603,"U350","P205","Mouse",3,Efectivo,Cancelado,0.0,False,0.0
950,Seguimiento,11947.0,20270928,"U351","P206","Monitor",1,Tarjeta,Pendiente,0.0,False,11947.0
951,Compra,12175.0,20270125,"U352","P207","Impresora",2,Sinpe,Completado,0.0,False,0.0
952,Apartado,12403.0,20260526,"U353","P208","Camara",1,Efectivo,Cancelado,0.0,False,12403.0
953,Apartado,12631.0,20270926,"U354","P209","Consola",1,Tarjeta,Pendiente,0.0,False,12631.0
954,Apartado,12859.0,20270129,"U355","P210","Smartwatch",1,Sinpe,Completado,0.0,False,12859.0
955,Visualizacion,13087.0,20260605,"U356","P211","Bocina",1,Efectivo,Cancelado,0.0,False,13087.0
956,Visualizacion,13315.0,20271012,"U357","P212","Microfono",1,Tarjeta,Pendiente,0.0,False,13315.0
957,Devolucion,13543.0,20270220,"U358","P213","Router",1,Sinpe,Completado,0.0,False,13543.0
958,Seguimiento,13771.0,20260703,"U359","P214","DiscoDuro",1,Efectivo,Cancelado,0.0,False,13771.0
959,Seguimiento,13999.0,20271115,"U360","P215","SSD",1,Tarjeta,Pendiente,0.0,False,13999.0
960,Compra,14227.0,20270401,"U361","P216","USB",2,Sinpe,Completado,0.0,False,0.0
961,Compra,14455.0,20260818,"U362","P217","Cargador",3,Efectivo,Cancelado,0.0,False,0.0
962,Compra,14683.0,20280106,"U363","P218","Proyector",1,Tarjeta,Pendiente,0.0,False,0.0
963,Apartado,14911.0,20270529,"U364","P219","TV",1,Sinpe,Completado,0.0,False,14911.0
964,Visualizacion,15139.0,20261021,"U365","P220","Silla Gamer",1,Efectivo,Cancelado,0.0,False,15139.0
965,Visualizacion,15367.0,20280316,"U366","P200","Laptop",1,Tarjeta,Pendiente,0.0,False,15367.0
966,Devolucion,15595.0,20270813,"U367","P201","Celular",1,Sinpe,Completado,0.0,False,15595.0
967,Seguimiento,15823.0,20270111,"U368","P202","Tablet",1,Efectivo,Cancelado,0.0,False,15823.0
968,Seguimiento,16051.0,20260613,"U369","P203","Audifonos",1,Tarjeta,Pendiente,0.0,False,16051.0
969,Compra,16279.0,20271115,"U370","P204","Teclado",2,Sinpe,Completado,0.0,False,0.0
970,Apartado,29670.0,20270205,"U371","P205","Mouse",1,Efectivo,Cancelado,0.0,False,29670.0
971,Apartado,29898.0,20260714,"U372","P206","Monitor",1,Tarjeta,Pendiente,0.0,False,29898.0
972,Visualizacion,30126.0,20271222,"U373","P207","Impresora",1,Sinpe,Completado,0.0,False,30126.0
973,Devolucion,30354.0,20270603,"U374","P208","Camara",1,Efectivo,Cancelado,0.0,False,30354.0
974,Devolucion,30582.0,20261115,"U375","P209","Consola",1,Tarjeta,Pendiente,0.0,False,30582.0
975,Seguimiento,30810.0,20280430,"U376","P210","Smartwatch",1,Sinpe,Completado,0.0,False,30810.0
976,Compra,31038.0,20271017,"U377","P211","Bocina",3,Efectivo,Cancelado,0.0,False,0.0
977,Compra,31266.0,20270406,"U378","P212","Microfono",1,Tarjeta,Pendiente,0.0,False,0.0
978,Compra,31494.0,20260926,"U379","P213","Router",2,Sinpe,Completado,0.0,False,0.0
979,Apartado,31722.0,20280319,"U380","P214","DiscoDuro",1,Efectivo,Cancelado,0.0,False,31722.0
980,Apartado,31950.0,20270913,"U381","P215","SSD",1,Tarjeta,Pendiente,0.0,False,31950.0
981,Visualizacion,32178.0,20270311,"U382","P216","USB",1,Sinpe,Completado,0.0,False,32178.0
